"","Price","Days_on_Market","Number_of_Bedrooms","Number_of_Bathrooms","Building_Type","Rental_Size","Pet_Friendliness"
"1",3209,229,2,1,"Apartment",912,"Yes"
"2",2000,210,0,1,"Apartment",445,"Yes"
"3",2819,221,2,1,"Apartment",904,"Yes"
"4",2519,218,1,1,"Apartment",665,"Limited"
"8",2295,210,1,1,"Apartment",680,"Yes"
"10",2350,210,1,1,"Condo",600,"Limited"
"13",2100,210,1,1,"Apartment",700,"No"
"14",2500,210,2,1,"Apartment",800,"Yes"
"15",3461,210,3,1.5,"Apartment",1282,"No"
"16",2639,210,2,1,"Apartment",994,"No"
"17",2519,210,1,1,"Apartment",738,"No"
"19",2100,210,2,1,"Basement",1000,"No"
"20",2350,210,1,1,"Condo",526,"Yes"
"22",2037,210,1,1,"Apartment",680,"No"
"23",1987,210,1,1,"Apartment",685,"No"
"24",2790,210,3,1.5,"Apartment",1265,"No"
"25",2279,210,1,1,"Apartment",629,"Yes"
"26",2069,210,0,1,"Apartment",411,"Yes"
"28",1850,210,1,1,"Basement",500,"No"
"31",1849,210,0,1,"Apartment",392,"No"
"32",2150,210,2,1,"Basement",1000,"No"
"34",1900,210,0,1,"Apartment",1000,"No"
"35",2472,210,2,1,"Apartment",954,"No"
"36",2236,210,1,1,"Apartment",602,"Yes"
"37",3347,210,2,1,"Apartment",900,"Yes"
"38",3600,210,0,1,"Apartment",1800,"Limited"
"40",2350,210,2,1,"Apartment",650,"Yes"
"41",1150,210,0,1,"Apartment",350,"Yes"
"45",3200,210,2,2,"Apartment",799,"Yes"
"46",2800,210,2,2,"Condo",700,"No"
"47",2819,221,2,1,"Apartment",904,"Yes"
"49",2716,211,2,1,"Apartment",857,"No"
"52",2679,230,1,1,"Apartment",748,"Yes"
"55",2905,210,1,1,"Apartment",850,"Yes"
"56",2900,210,2,1,"Duplex/Triplex",900,"Limited"
"57",1975,210,1,1,"Apartment",350,"No"
"58",2270,210,1,1,"Apartment",712,"No"
"59",2197,210,1,1,"Apartment",874,"No"
"60",3170,210,3,1,"Apartment",1193,"No"
"62",1990,210,0,1,"Apartment",450,"Yes"
"64",1300,210,0,1,"Basement",300,"No"
"65",2552,210,1,1,"Apartment",639,"No"
"67",1550,210,1,1,"Basement",900,"No"
"72",2295,210,1,1,"Apartment",705,"Yes"
"75",1695,210,1,1,"Apartment",220,"Yes"
"90",1800,210,1,1,"Apartment",600,"No"
"91",2650,210,3,1,"Basement",650,"Yes"
"92",2149,210,1,1,"Apartment",728,"No"
"94",2200,219,1,1,"Apartment",529,"Yes"
"96",3070,220,2,1,"Apartment",861,"Yes"
"99",2774,210,2,1,"Apartment",929,"No"
"100",2860,210,2,1,"Apartment",921,"No"
"101",3335,210,3,1.5,"Apartment",1190,"No"
"102",1949,210,0,1,"Apartment",504,"No"
"103",2285,210,1,1,"Apartment",625,"Yes"
"104",1895,210,0,1,"Apartment",325,"Yes"
"106",2315,210,1,1,"Apartment",625,"Limited"
"107",2975,210,2,1,"Apartment",865,"Limited"
"108",2445,210,1,1,"Apartment",595,"Limited"
"109",2095,210,0,1,"Apartment",390,"Limited"
"110",2075,210,1,1,"Apartment",470,"Limited"
"111",2795,210,2,1,"Apartment",815,"Limited"
"112",1805,210,0,1,"Apartment",390,"Limited"
"113",2200,210,1,1,"Basement",860,"Yes"
"114",2845,210,2,1,"Apartment",815,"Limited"
"115",1895,210,1,1,"Apartment",470,"Limited"
"116",3025,210,3,1.5,"Apartment",1164,"Limited"
"117",2310,210,1,1,"Apartment",744,"Limited"
"119",2995,210,2,1,"Apartment",917,"Limited"
"120",2800,210,2,1,"Apartment",785,"Limited"
"121",2750,210,2,1.5,"Apartment",910,"Limited"
"122",2775,210,2,1,"Apartment",915,"Limited"
"123",2250,210,1,1,"Apartment",573,"Limited"
"124",2745,210,2,1,"Apartment",854,"Limited"
"125",2325,210,1,1,"Apartment",710,"Limited"
"126",2850,210,2,1,"Apartment",840,"Limited"
"127",2295,210,1,1,"Apartment",535,"Limited"
"128",2315,210,1,1,"Apartment",680,"Limited"
"129",2785,210,2,1,"Apartment",868,"Limited"
"130",2600,210,2,1,"Apartment",770,"Limited"
"131",2825,210,2,1,"Apartment",881,"Limited"
"132",2335,210,1,1,"Apartment",538,"Limited"
"133",1950,210,0,1,"Apartment",470,"Limited"
"134",2715,210,2,1,"Apartment",870,"Limited"
"135",2735,210,2,1,"Apartment",961,"Limited"
"136",2355,210,1,1,"Apartment",599,"No"
"137",1995,210,0,1,"Apartment",520,"Limited"
"138",2550,210,1,1,"Apartment",845,"Limited"
"139",2285,210,1,1,"Apartment",625,"Yes"
"141",2899,220,2,1,"Apartment",950,"Yes"
"142",2699,224,2,1,"Apartment",986,"Yes"
"144",2679,230,1,1,"Apartment",748,"Yes"
"145",3025,210,2,1.5,"Apartment",1000,"Limited"
"146",2645,210,2,1,"Apartment",674,"Limited"
"147",2100,210,0,1,"Apartment",372,"Limited"
"148",2800,210,2,1,"Apartment",917,"Limited"
"149",2450,210,1,1,"Apartment",711,"Yes"
"150",2365,210,1,1,"Apartment",580,"Limited"
"155",2649,210,2,1,"Apartment",881,"Yes"
"156",2249,210,1,1,"Apartment",624,"Yes"
"158",2500,210,2,2,"Condo",680,"Yes"
"159",2250,210,2,1,"Apartment",700,"No"
"160",2310,210,1,1,"Apartment",720,"Yes"
"161",2740,210,2,1,"Apartment",948,"Yes"
"165",2100,210,2,1,"Basement",1000,"No"
"166",2799,210,2,1,"Apartment",895,"Yes"
"167",2170,210,1,1,"Apartment",695,"Yes"
"168",2281,210,1,1,"Apartment",436,"Yes"
"169",2099,210,1,1,"Apartment",655,"No"
"170",1100,210,1,1,"Apartment",200,"No"
"171",2300,210,2,1,"Apartment",800,"No"
"172",2250,210,1,1,"Apartment",635,"Yes"
"173",3995,210,2,1,"Apartment",1125,"Yes"
"174",1950,210,0,1,"Apartment",360,"Yes"
"177",1749,210,0,1,"Apartment",382,"Yes"
"178",2049,210,1,1,"Apartment",627,"Yes"
"179",2299,210,1,1,"Apartment",721,"Yes"
"180",1849,210,0,1,"Apartment",407,"Yes"
"181",1999,210,1,1,"Apartment",622,"Yes"
"182",1800,210,1,1,"Apartment",400,"No"
"185",2299,219,1,1,"Apartment",490,"Yes"
"186",1895,210,0,1,"Apartment",325,"Yes"
"187",2975,213,2,1,"Apartment",850,"Yes"
"188",2699,224,1,1,"Apartment",986,"Yes"
"190",1805,210,0,1,"Apartment",390,"Limited"
"203",2799,210,2,1,"Apartment",1000,"Yes"
"204",2950,210,3,1,"Apartment",1200,"No"
"205",2799,210,2,1,"Apartment",1000,"Yes"
"208",2639,210,1,1,"Apartment",746,"Yes"
"211",2950,210,1,1,"Apartment",809,"Yes"
"212",3199,210,2,1,"Apartment",948,"Yes"
"213",2595,210,1,1,"Apartment",655,"Yes"
"214",2940,210,2,1,"Apartment",855,"Yes"
"215",2000,210,1,1,"Basement",730,"No"
"222",2150,210,1,1,"Apartment",700,"Yes"
"228",2485,210,2,1,"Apartment",680,"Limited"
"232",2519,218,1,1,"Apartment",665,"Limited"
"233",2300,218,1,1,"Apartment",680,"Yes"
"236",1900,210,1,1,"Basement",750,"No"
"237",2485,210,2,1,"Apartment",680,"Limited"
"241",2300,210,2,1,"Basement",900,"No"
"243",2200,210,1,1,"Apartment",700,"Yes"
"246",2500,210,2,1,"Apartment",1000,"Yes"
"247",1800,210,1,1,"Basement",800,"Limited"
"252",1400,210,1,1,"Basement",450,"Limited"
"254",1450,210,1,1,"Apartment",300,"No"
"256",3250,210,2,1,"Apartment",800,"Yes"
"257",2750,210,2,1,"House",780,"Limited"
"258",2500,210,2,1,"Apartment",1100,"Yes"
"259",2500,210,1,1,"Apartment",700,"No"
"267",2396,210,1,1,"Apartment",521,"Yes"
"273",2600,210,1,1,"Apartment",616,"Limited"
"274",2220,210,0,1,"Apartment",612,"Limited"
"275",3081,210,2,1,"Apartment",1050,"Limited"
"276",2376,210,1,1,"Apartment",715,"Limited"
"281",2819,221,2,1,"Apartment",904,"Yes"
"282",2699,224,2,1,"Apartment",986,"Yes"
"283",1450,210,1,1,"House",700,"No"
"286",3648,210,3,1.5,"Apartment",923,"Yes"
"287",3297,210,2,1.5,"Apartment",910,"Yes"
"288",2693,210,1,1,"Apartment",630,"Yes"
"293",1900,210,1,1,"Basement",750,"No"
"295",2250,210,2,1,"Apartment",700,"No"
"298",2595,210,1,1,"Apartment",729,"Yes"
"299",2199,210,1,1,"Apartment",650,"Yes"
"301",3255,210,1,1,"Apartment",878,"Yes"
"302",1600,210,2,1,"Basement",800,"Limited"
"303",400,210,0,1,"Apartment",683,"Yes"
"308",2000,210,0,1,"Apartment",445,"Yes"
"309",2434,210,1,1,"Apartment",572,"No"
"310",2650,210,2,2,"Apartment",750,"Limited"
"312",2295,210,1,1,"Apartment",659,"No"
"313",2229,210,1,1,"Apartment",640,"Yes"
"314",1949,210,0,1,"Apartment",370,"Yes"
"315",3136,210,2,1.5,"Apartment",1020,"Yes"
"323",2975,213,2,1,"Apartment",850,"Yes"
"324",1895,210,1,1,"Apartment",470,"Limited"
"327",2600,212,2,1,"Apartment",700,"No"
"328",2299,219,1,1,"Apartment",490,"Yes"
"329",3800,210,2,2,"Apartment",685,"Limited"
"330",2079,210,0,1,"Apartment",399,"Yes"
"331",2329,210,1,1,"Apartment",681,"Yes"
"332",2309,210,1,1,"Apartment",626,"Yes"
"334",2400,210,1,1,"Basement",650,"No"
"335",2295,210,1,1,"Apartment",580,"Yes"
"336",1600,211,0,1,"Basement",250,"No"
"344",1250,211,0,1,"Apartment",250,"No"
"347",1500,211,1,1,"Basement",600,"No"
"349",2000,211,1,1,"Apartment",800,"Limited"
"352",2097,211,0,1,"Apartment",400,"Yes"
"353",2647,211,1,1,"Apartment",758,"Yes"
"354",2100,211,2,1,"Basement",1000,"No"
"355",1900,211,1,1,"Basement",650,"Limited"
"357",2395,211,1,1,"Apartment",439,"Yes"
"358",2475,211,1,1,"Apartment",535,"Yes"
"360",1050,211,0,1,"Apartment",400,"No"
"362",1700,211,0,1,"Basement",600,"Limited"
"363",2799,211,2,1,"Apartment",859,"No"
"364",3216,211,3,2,"Apartment",1063,"No"
"365",1898,211,0,1,"Apartment",443,"No"
"368",2905,211,1,1,"Apartment",726,"Yes"
"369",2899,220,2,1,"Apartment",950,"Yes"
"372",3070,220,2,1,"Apartment",861,"Yes"
"376",2610,211,1,1,"Apartment",501,"Yes"
"377",2287,211,1,1,"Apartment",555,"Yes"
"378",3845,211,3,2,"Apartment",965,"Yes"
"379",3460,211,2,2,"Apartment",798,"Yes"
"380",3135,211,2,2,"Apartment",924,"Yes"
"381",2995,211,0,1,"Apartment",303,"Yes"
"383",2695,211,1,1,"Apartment",535,"Yes"
"384",2395,211,0,1,"Apartment",423,"No"
"385",2193,211,0,1,"Apartment",326,"Yes"
"386",3795,211,3,1.5,"Apartment",1000,"Yes"
"388",1800,211,1,1,"Apartment",450,"Yes"
"389",1800,211,1,1,"Duplex/Triplex",300,"No"
"390",1350,211,1,1,"Basement",500,"No"
"393",2350,211,2,1,"Apartment",632,"Limited"
"402",2197,211,1,1,"Apartment",656,"Limited"
"403",1841,211,0,1,"Apartment",450,"Limited"
"404",2349,211,1,1,"Apartment",611,"No"
"405",2649,211,1,1,"Apartment",740,"No"
"406",2832,211,2,1,"Apartment",933,"No"
"407",2647,211,2,1,"Apartment",931,"No"
"408",1850,211,1,1,"Basement",800,"No"
"409",2248,211,1,1,"Apartment",713,"No"
"410",1970,211,0,1,"Apartment",373,"No"
"411",2697,211,2,1,"Apartment",937,"No"
"412",2720,211,2,1,"Apartment",1064,"No"
"413",2891,211,2,1,"Apartment",1054,"No"
"414",2908,211,2,1,"Apartment",853,"No"
"417",2975,213,2,1,"Apartment",850,"Yes"
"420",3347,211,2,1,"Apartment",900,"Yes"
"421",1818,211,0,1,"Apartment",419,"No"
"422",2499,211,1,1,"Apartment",760,"No"
"423",2887,211,2,1,"Apartment",903,"No"
"424",2699,210,2,1,"Apartment",1005,"Yes"
"425",2149,211,1,1,"Apartment",720,"Yes"
"426",2437,211,1,1,"Apartment",592,"No"
"427",2338,211,1,1,"Apartment",632,"No"
"428",2490,211,2,1,"Apartment",800,"No"
"429",2724,211,2,1,"Apartment",835,"No"
"430",3286,211,3,1,"Apartment",1064,"No"
"431",2650,211,2,1,"Apartment",882,"No"
"432",2363,211,1,1,"Apartment",578,"No"
"433",2752,211,2,1,"Apartment",1109,"No"
"434",1779,211,0,1,"Apartment",551,"No"
"435",2149,211,2,1,"Apartment",879,"Yes"
"436",1849,211,1,1,"Apartment",676,"Yes"
"437",2693,211,1,1,"Apartment",625,"No"
"438",2999,211,2,1,"Apartment",870,"No"
"439",1805,211,0,1,"Apartment",246,"No"
"440",2199,211,1,1,"Apartment",675,"No"
"442",2379,211,1,1,"Apartment",630,"No"
"443",2840,211,2,1,"Apartment",929,"No"
"444",2613,211,1,1,"Apartment",526,"No"
"445",1750,211,0,1,"Apartment",450,"Yes"
"446",1975,211,0,1,"Apartment",394,"No"
"447",2629,211,1,1,"Apartment",590,"No"
"448",2392,211,1,1,"Apartment",662,"No"
"449",3330,211,3,1.5,"Apartment",1168,"No"
"450",2349,211,1,1,"Apartment",624,"No"
"451",2761,211,3,1.5,"Apartment",1215,"No"
"452",2965,211,2,1,"Apartment",839,"No"
"453",2621,211,1,1,"Apartment",662,"No"
"454",1961,211,0,1,"Apartment",441,"No"
"455",1949,211,0,1,"Apartment",418,"No"
"456",2562,211,2,1,"Apartment",815,"No"
"458",1800,211,2,1,"House",650,"No"
"459",2000,211,1,1,"Basement",750,"Yes"
"460",1800,211,1,1,"Apartment",1100,"Limited"
"461",2600,212,2,1,"Apartment",700,"No"
"463",3347,211,2,1,"Apartment",900,"Yes"
"465",2500,241,2,1,"Apartment",1,"Limited"
"468",3299,211,2,1,"Apartment",740,"No"
"469",2463,211,1,1,"Apartment",714,"No"
"470",1250,211,1,1,"Apartment",600,"No"
"474",2900,211,2,1,"Apartment",800,"Limited"
"475",2226,211,1,1,"Apartment",663,"No"
"476",2450,211,1,1,"Condo",550,"Limited"
"478",3375,211,3,1,"Apartment",900,"Yes"
"479",1850,211,0,1,"Apartment",225,"Limited"
"481",3347,211,2,1,"Apartment",900,"Yes"
"482",2500,211,2,2,"Apartment",700,"Limited"
"487",1999,211,0,1,"Apartment",500,"No"
"490",2200,211,1,1,"Apartment",547,"Yes"
"491",3000,211,2,2,"Apartment",994,"Yes"
"492",2400,211,1,1,"Apartment",665,"Yes"
"493",1900,211,0,1,"Apartment",342,"Yes"
"494",3300,211,2,1,"Apartment",864,"Yes"
"495",2500,211,2,1,"Basement",800,"Limited"
"498",1400,211,0,1,"Basement",600,"No"
"499",1950,211,2,1,"Basement",1,"Limited"
"501",1797,211,0,1,"Apartment",450,"Yes"
"502",3450,211,2,2,"Apartment",1100,"No"
"503",3200,211,2,2,"Condo",700,"Yes"
"505",2395,211,1,1,"Apartment",618,"Yes"
"506",2200,211,1,1,"Apartment",616,"Yes"
"508",2600,212,2,1,"Apartment",700,"No"
"509",2819,228,1,1,"Apartment",689,"Yes"
"510",1900,210,1,1,"Basement",750,"No"
"511",3145,231,2,2,"Apartment",1049,"Yes"
"512",3347,211,2,1,"Apartment",900,"Yes"
"513",2700,211,1,1,"Apartment",756,"Yes"
"515",1500,211,1,1,"Basement",600,"No"
"516",2975,211,2,1,"Apartment",720,"Yes"
"518",2500,211,1,1,"Apartment",750,"No"
"520",1995,211,0,1,"Apartment",301,"Limited"
"521",2350,211,1,1,"Apartment",551,"Limited"
"522",2165,211,0,1,"Apartment",373,"Limited"
"523",2440,211,1,1,"Apartment",692,"Limited"
"524",2295,211,1,1,"Apartment",550,"Limited"
"525",2160,211,0,1,"Apartment",385,"Limited"
"526",2180,211,0,1,"Apartment",403,"Limited"
"527",2375,211,1,1,"Apartment",581,"Limited"
"531",2100,211,1,1,"Apartment",427,"No"
"537",2104,211,1,1,"Apartment",678,"Yes"
"539",1893,211,0,1,"Apartment",300,"Yes"
"540",2299,211,1,1,"Apartment",590,"Yes"
"541",2741,211,2,1,"Apartment",710,"Yes"
"542",2699,211,2,1,"Apartment",811,"Yes"
"543",1944,211,0,1,"Apartment",398,"Yes"
"544",1859,211,1,1,"Apartment",650,"Limited"
"545",2199,211,1,1,"Apartment",476,"Yes"
"546",2535,211,1,1,"Apartment",612,"Yes"
"547",2275,211,1,1,"Apartment",509,"Yes"
"548",3708,211,2,1.5,"Apartment",1101,"Yes"
"554",2049,219,1,1,"Apartment",468,"Yes"
"555",2400,222,2,1,"Apartment",833,"Yes"
"556",2429,225,1,1,"Apartment",742,"Limited"
"561",2600,211,2,1,"Apartment",904,"No"
"562",1899,211,0,1,"Apartment",345,"No"
"563",2482,211,2,1,"Apartment",886,"No"
"564",2297,211,1,1,"Apartment",758,"No"
"565",2716,211,2,1,"Apartment",857,"No"
"566",1699,211,2,2,"Apartment",770,"No"
"567",2264,211,1,1,"Apartment",732,"No"
"568",1875,211,0,1,"Apartment",452,"No"
"569",3010,211,2,1.5,"Apartment",1344,"No"
"570",1890,211,1,1,"Basement",600,"No"
"572",1800,211,1,1,"Basement",401,"No"
"573",1800,211,2,1,"Basement",850,"No"
"574",1550,211,0,1,"Apartment",300,"No"
"576",2150,211,1,1,"Apartment",616,"Yes"
"577",2050,211,1,1,"Apartment",625,"Yes"
"578",2383,211,2,1,"Apartment",941,"Limited"
"579",2500,211,2,1,"Apartment",700,"Limited"
"581",1550,211,0,1,"Apartment",236,"Yes"
"583",1650,211,0,1,"Apartment",280,"Yes"
"584",2000,211,1,1,"Apartment",900,"Limited"
"585",2250,211,1,1,"Apartment",595,"Yes"
"590",3300,211,3,2,"Apartment",962,"Limited"
"591",2450,211,1,1,"Apartment",668,"Yes"
"592",2400,211,1,1,"Apartment",647,"Yes"
"593",1975,211,0,1,"Apartment",500,"Yes"
"599",3461,210,3,1.5,"Apartment",1282,"No"
"601",3070,220,2,1,"Apartment",861,"Yes"
"602",2800,217,3,1,"Basement",1265,"Yes"
"603",2699,224,1,1,"Apartment",986,"Yes"
"607",1999,211,1,1,"Apartment",800,"No"
"608",1375,211,1,1,"Basement",550,"No"
"609",2800,211,2,2,"Condo",800,"No"
"611",2200,211,1,1,"Apartment",682,"Limited"
"612",2600,211,2,1,"Apartment",1000,"No"
"614",2500,211,1,1,"Apartment",619,"Limited"
"615",1950,211,2,1,"Basement",1100,"No"
"616",2350,211,1,1,"Apartment",850,"Limited"
"618",1650,211,0,1,"Apartment",499,"No"
"619",2350,211,2,1,"Apartment",1000,"Limited"
"621",2600,211,2,1,"Apartment",1000,"No"
"623",2500,211,2,2,"Condo",723,"No"
"626",1690,211,1,1,"Basement",699,"No"
"629",3500,211,2,2,"Condo",880,"Yes"
"630",2200,211,2,1,"Basement",800,"No"
"637",1625,211,1,1,"Basement",525,"Limited"
"646",1900,210,1,1,"Basement",750,"No"
"650",2716,211,2,1,"Apartment",857,"No"
"658",3450,211,2,2,"Condo",810,"Yes"
"661",2195,211,1,1,"Apartment",500,"No"
"662",1595,211,0,1,"Apartment",236,"Yes"
"663",2995,211,1,1,"Apartment",580,"Limited"
"664",2500,211,1,1,"Apartment",587,"Yes"
"665",2450,211,1,1,"Apartment",519,"Yes"
"666",3600,211,2,2,"Apartment",1005,"Yes"
"667",2100,211,1,1,"Apartment",700,"Limited"
"676",2000,212,1,1,"Apartment",700,"No"
"680",1675,212,0,1,"Basement",500,"No"
"681",2250,212,2,1,"Basement",700,"No"
"686",2200,212,1,1,"Apartment",700,"Limited"
"688",2895,212,2,1,"Apartment",958,"Yes"
"691",2395,211,1,1,"Apartment",439,"Yes"
"693",2819,221,2,1,"Apartment",904,"Yes"
"694",2519,210,1,1,"Apartment",738,"No"
"695",2287,211,1,1,"Apartment",555,"Yes"
"698",1850,212,1,1,"Apartment",900,"Limited"
"700",2600,212,2,1,"Apartment",899,"Limited"
"707",3300,212,2,2,"Condo",799,"No"
"708",2300,212,1,1,"Apartment",700,"Yes"
"709",1700,212,1,1,"Basement",500,"No"
"710",1300,212,2,1,"Condo",3,"No"
"712",1800,212,1,1,"Condo",800,"Limited"
"721",1975,212,1,1,"Apartment",350,"No"
"722",3100,212,2,1,"Basement",990,"No"
"723",3250,212,2,1,"Apartment",1200,"Limited"
"724",3300,212,3,1,"House",900,"No"
"725",3395,212,2,1,"Apartment",899,"Yes"
"726",2600,212,2,1,"Apartment",860,"Yes"
"727",2100,212,1,1,"Apartment",800,"No"
"728",2200,212,1,1,"Apartment",700,"No"
"729",2300,212,1,1,"Apartment",511,"Yes"
"730",2825,212,2,2,"Apartment",1,"Yes"
"731",2995,212,2,2,"Apartment",1,"Yes"
"732",3200,212,2,2,"House",1200,"Yes"
"734",2599,212,1,1,"Apartment",688,"Yes"
"735",3149,212,2,1,"Apartment",899,"Yes"
"736",2629,212,1,1,"Apartment",640,"Yes"
"737",1895,210,1,1,"Apartment",470,"Limited"
"738",2699,224,2,1,"Apartment",986,"Yes"
"739",3145,231,2,2,"Apartment",1049,"Yes"
"742",2297,211,1,1,"Apartment",758,"No"
"743",2299,212,1,1,"Apartment",600,"Yes"
"744",2799,212,2,2,"Apartment",780,"Yes"
"745",2400,212,2,1,"Apartment",900,"Yes"
"746",2200,212,1,1,"Apartment",700,"Yes"
"748",1685,212,1,1,"Basement",450,"Yes"
"749",3400,212,3,2,"Apartment",1300,"Yes"
"750",2000,212,1,1,"Apartment",750,"Yes"
"751",2350,212,1,1,"Apartment",750,"Yes"
"752",2000,212,1,1,"Apartment",650,"Yes"
"753",2100,212,1,1,"Apartment",750,"Yes"
"754",2350,212,1,1,"Condo",600,"No"
"755",3400,212,3,1,"Apartment",1100,"Yes"
"756",2950,212,3,1,"House",1200,"No"
"757",2200,212,1,1,"Apartment",529,"Yes"
"758",1895,212,1,1,"Apartment",500,"Yes"
"760",2590,212,2,1,"House",900,"Yes"
"761",2269,212,1,1,"Apartment",400,"No"
"763",2275,212,1,1,"Apartment",500,"Yes"
"765",2279,212,1,1,"Apartment",706,"Yes"
"767",1900,212,1,1,"Basement",750,"No"
"769",2100,212,1,1,"Apartment",500,"No"
"770",2250,212,1,1,"Basement",700,"Yes"
"772",1995,212,2,1,"Basement",610,"Yes"
"773",2300,212,1,1,"Apartment",700,"Yes"
"774",1080,212,3,2,"Apartment",1125,"Limited"
"775",2299,212,2,1,"Apartment",900,"Yes"
"779",1500,212,0,1,"Apartment",1,"No"
"781",1800,212,1,1,"Apartment",600,"No"
"783",2809,219,2,1,"Apartment",795,"Yes"
"784",2279,210,1,1,"Apartment",629,"Yes"
"785",1900,210,1,1,"Basement",750,"No"
"787",2000,210,0,1,"Apartment",445,"Yes"
"788",2300,218,1,1,"Apartment",680,"Yes"
"792",1500,212,1,1,"House",400,"No"
"793",2600,212,1,1,"Condo",600,"No"
"794",1300,212,1,1,"Basement",300,"No"
"797",1899,212,0,1,"Apartment",456,"Yes"
"799",3100,212,3,1.5,"Apartment",1800,"Yes"
"801",1000,212,1,1,"Apartment",800,"No"
"802",2900,212,2,2,"Apartment",960,"Limited"
"804",2975,212,2,1,"Apartment",850,"Limited"
"805",1675,212,1,1,"Apartment",1000,"Yes"
"809",2000,212,1,1,"Apartment",500,"Yes"
"810",1800,212,1,1,"Apartment",500,"Yes"
"814",2400,212,2,1,"Apartment",900,"Limited"
"816",2550,212,2,1,"Apartment",900,"No"
"817",3600,212,2,1,"Apartment",1300,"No"
"818",2550,212,2,1,"Apartment",800,"No"
"822",3400,212,2,1,"Apartment",831,"Yes"
"823",2100,212,0,1,"Apartment",500,"Yes"
"825",2000,212,1,1,"Apartment",700,"Limited"
"826",2800,212,1,1,"Condo",665,"No"
"827",2900,212,2,1,"Apartment",700,"Yes"
"828",1500,212,0,1,"Apartment",1,"No"
"830",2639,210,2,1,"Apartment",994,"No"
"832",2519,210,1,1,"Apartment",738,"No"
"835",2400,212,2,1,"Apartment",800,"No"
"838",4000,212,4,1.5,"Duplex/Triplex",1000,"Yes"
"839",2850,212,2,1,"Apartment",950,"Yes"
"840",1850,212,1,1,"Basement",950,"No"
"841",1900,212,1,1,"Apartment",825,"Yes"
"842",2200,212,2,1,"Apartment",700,"No"
"844",2200,212,1,1,"Apartment",700,"Yes"
"845",1850,212,0,1,"Apartment",550,"Yes"
"847",2600,212,2,1,"Apartment",975,"Limited"
"848",2500,212,2,1,"Duplex/Triplex",800,"No"
"850",2600,212,2,1,"Apartment",700,"No"
"851",2850,212,2,1,"Apartment",750,"Yes"
"852",1850,212,0,1,"Apartment",550,"Yes"
"853",2850,212,2,1,"Apartment",981,"Yes"
"854",2450,212,1,1,"Apartment",715,"Yes"
"855",2450,212,1,1,"Apartment",660,"Limited"
"858",2100,212,2,1,"Basement",700,"Limited"
"859",3199,212,2,2,"Condo",763,"Yes"
"860",2800,212,2,1,"Apartment",1200,"No"
"861",2395,212,1,1,"Apartment",600,"No"
"862",2395,212,2,2,"Apartment",600,"Limited"
"863",2750,212,2,2,"Apartment",900,"Limited"
"868",2412,212,1,1,"Apartment",632,"No"
"869",2744,212,2,1,"Apartment",919,"No"
"870",2500,212,1,1,"Apartment",679,"Yes"
"871",2359,212,1,1,"Apartment",325,"Yes"
"872",2347,212,1,1,"Apartment",691,"No"
"873",2174,212,1,1,"Apartment",657,"No"
"874",2850,212,2,1,"Apartment",900,"No"
"875",2519,210,1,1,"Apartment",738,"No"
"877",2200,219,1,1,"Apartment",529,"Yes"
"880",2925,221,2,1,"Apartment",830,"Yes"
"881",2679,212,2,1,"Apartment",932,"Yes"
"882",2729,212,2,1,"Apartment",883,"No"
"883",1500,212,0,1,"Apartment",500,"No"
"884",2142,212,0,1,"Apartment",393,"No"
"885",2000,212,1,1,"Apartment",472,"Yes"
"886",2263,212,1,1,"Apartment",696,"No"
"887",2040,212,1,1,"Apartment",404,"No"
"888",2500,212,2,1,"Apartment",529,"Yes"
"889",2680,212,2,1,"Apartment",910,"Yes"
"890",2640,212,2,1,"Apartment",791,"Limited"
"891",1949,212,0,1,"Apartment",386,"No"
"892",2852,212,2,1,"Apartment",930,"No"
"893",1700,212,1,1,"Basement",470,"No"
"894",3000,212,2,1,"Duplex/Triplex",1100,"Limited"
"896",1950,212,0,1,"Condo",330,"Limited"
"897",2600,212,2,1.5,"Condo",934,"Limited"
"903",2500,212,2,1,"Apartment",800,"Limited"
"904",2200,212,2,1,"Apartment",800,"Limited"
"905",1850,212,0,1,"Apartment",225,"Limited"
"906",2200,212,1,1,"Apartment",700,"Limited"
"907",1750,212,1,1,"Apartment",190,"Yes"
"908",1850,212,1,1,"Basement",650,"Limited"
"914",2625,212,1,1,"Apartment",659,"Yes"
"915",2565,212,1,1,"Apartment",530,"Yes"
"916",2500,212,2,1,"Basement",1400,"No"
"917",2600,212,2,1,"Apartment",850,"Limited"
"918",2397,212,1,1,"Apartment",705,"No"
"919",1850,212,1,1,"Apartment",750,"No"
"920",2069,210,0,1,"Apartment",411,"Yes"
"922",2699,224,2,1,"Apartment",986,"Yes"
"924",1895,210,1,1,"Apartment",470,"Limited"
"927",2000,212,2,1,"Basement",650,"Limited"
"928",1950,212,1,1,"House",850,"Limited"
"931",2008,212,0,1,"Apartment",378,"No"
"934",1500,212,1,1,"Apartment",650,"No"
"935",2019,212,0,1,"Apartment",710,"Yes"
"936",2219,212,1,1,"Apartment",747,"Yes"
"937",2399,212,1,1,"Apartment",470,"No"
"938",2299,212,1,1,"Apartment",710,"Yes"
"944",1500,213,0,1,"Apartment",300,"Limited"
"948",1550,213,0,1,"Apartment",550,"Yes"
"951",2300,213,2,1,"Basement",850,"Limited"
"953",2850,213,2,1,"Apartment",820,"Yes"
"954",2300,213,1,1,"Apartment",675,"Yes"
"956",1600,213,1,1,"Basement",900,"No"
"958",2485,213,2,1,"Apartment",680,"Limited"
"959",2650,213,2,1,"House",1000,"Limited"
"961",3295,213,3,1,"Apartment",800,"Yes"
"963",1500,213,1,1,"Apartment",500,"Yes"
"964",2850,213,1,1,"Apartment",700,"Limited"
"965",2300,213,2,1,"House",800,"No"
"967",1900,210,1,1,"Basement",750,"No"
"969",2819,228,1,1,"Apartment",689,"Yes"
"974",1899,213,0,1,"Apartment",391,"No"
"975",2049,213,1,1,"Apartment",356,"No"
"976",1900,213,1,1,"Apartment",700,"Limited"
"977",2224,213,1,1,"Apartment",571,"No"
"979",2975,213,2,1,"Apartment",850,"Yes"
"981",2900,213,3,1,"House",1000,"No"
"982",1995,213,1,1,"Basement",650,"Limited"
"983",1700,213,2,1,"Basement",900,"No"
"987",2300,213,2,1,"Apartment",700,"Yes"
"988",3800,213,1,1,"Apartment",700,"Yes"
"990",1550,213,1,1,"Apartment",950,"No"
"992",1950,213,1,1,"Apartment",550,"Yes"
"994",1800,213,1,1,"Basement",600,"No"
"995",2869,213,3,1,"Apartment",1059,"No"
"996",2195,213,2,1,"Basement",1200,"No"
"1000",2000,213,1,1,"Apartment",750,"Yes"
"1001",1750,213,1,1,"Basement",700,"Limited"
"1003",2089,213,1,1,"Apartment",710,"Yes"
"1004",1950,213,1,1,"Basement",550,"Yes"
"1005",2000,213,0,1,"Apartment",450,"Yes"
"1006",2000,213,1,1,"Apartment",555,"Yes"
"1007",2350,213,1,1,"Apartment",1000,"Yes"
"1008",2100,213,1,1,"Apartment",900,"Yes"
"1009",2189,213,1,1,"Apartment",600,"Yes"
"1010",2800,213,2,2,"Apartment",950,"No"
"1011",1700,213,0,1,"Apartment",595,"Yes"
"1012",2287,211,1,1,"Apartment",555,"Yes"
"1016",2297,211,1,1,"Apartment",758,"No"
"1018",2389,213,2,1,"Apartment",940,"Yes"
"1019",1700,213,0,1,"Apartment",450,"No"
"1020",1925,213,1,1,"Apartment",672,"Limited"
"1021",2250,213,2,1,"Apartment",850,"Limited"
"1022",2500,213,1,1,"Apartment",555,"No"
"1023",1700,213,1,1,"Basement",700,"No"
"1025",2350,213,2,1,"Apartment",769,"Yes"
"1026",2597,213,2,2,"Townhouse",1044,"Yes"
"1027",1700,213,0,1,"Apartment",650,"No"
"1029",2100,213,1,1,"Apartment",555,"Yes"
"1030",2150,213,1,1,"Apartment",700,"Yes"
"1032",1750,213,0,1,"Apartment",330,"Yes"
"1033",2975,213,3,1,"Apartment",1200,"Yes"
"1034",1995,213,1,1,"Apartment",600,"Yes"
"1035",1750,213,1,1,"Apartment",663,"Yes"
"1038",2095,213,1,1,"Apartment",1,"Limited"
"1039",2592,213,2,1,"Apartment",867,"No"
"1040",1950,213,1,1,"Apartment",673,"Yes"
"1043",2050,213,1,1,"Apartment",472,"Yes"
"1045",3100,213,3,1,"Apartment",1400,"Yes"
"1046",1600,213,1,1,"Apartment",700,"No"
"1049",1750,213,1,1,"Apartment",650,"No"
"1052",2195,213,2,1,"Basement",800,"No"
"1053",1799,213,2,1,"Apartment",500,"No"
"1054",2649,213,2,1,"Apartment",704,"No"
"1056",2569,213,1,1,"Apartment",595,"No"
"1058",2519,218,1,1,"Apartment",665,"Limited"
"1059",2300,218,1,1,"Apartment",680,"Yes"
"1064",2000,213,2,1,"Apartment",750,"No"
"1065",1898,213,0,1,"Apartment",519,"No"
"1066",2275,213,1,1,"Apartment",697,"No"
"1067",2725,213,2,1,"Apartment",701,"No"
"1068",2200,213,1,1,"House",700,"No"
"1069",2500,213,1,1,"Apartment",590,"Yes"
"1070",2575,213,1,1,"Apartment",640,"Yes"
"1071",2399,213,1,1,"Apartment",650,"Yes"
"1072",2325,213,1,1,"Apartment",772,"Yes"
"1073",2275,213,1,1,"Apartment",430,"Limited"
"1074",2150,213,0,1,"Apartment",500,"Yes"
"1075",2300,213,1,1,"Apartment",679,"Yes"
"1076",1900,213,0,1,"Apartment",500,"Yes"
"1079",2400,213,2,1,"Apartment",600,"No"
"1084",2650,213,1,1,"Apartment",548,"No"
"1085",2600,213,2,1,"Apartment",1000,"Limited"
"1087",1950,213,1,1,"Apartment",600,"Yes"
"1088",1895,213,1,1,"Basement",1100,"No"
"1089",2500,213,1,1,"Condo",628,"No"
"1091",1800,213,2,1,"Apartment",450,"No"
"1096",1900,213,0,1,"Apartment",450,"Yes"
"1097",1850,213,1,1,"Apartment",600,"Limited"
"1098",2350,213,2,2,"Basement",800,"No"
"1104",2819,221,2,1,"Apartment",904,"Yes"
"1106",3145,231,2,2,"Apartment",1049,"Yes"
"1107",2285,210,1,1,"Apartment",625,"Yes"
"1112",2400,213,1,1,"Apartment",713,"Yes"
"1113",3500,213,1,1,"Apartment",608,"Yes"
"1114",2200,213,1,1,"Apartment",742,"Yes"
"1124",1800,213,1,1,"Basement",2,"No"
"1125",3850,213,3,2,"House",1200,"Limited"
"1128",2874,213,2,2,"Apartment",881,"Yes"
"1129",1750,213,0,1,"Basement",1000,"Yes"
"1132",2400,213,1,1,"Apartment",575,"No"
"1134",2000,213,2,1,"Basement",1000,"No"
"1135",1900,213,1,1,"Apartment",500,"No"
"1138",1500,213,2,1,"Condo",800,"No"
"1142",2819,213,2,1,"Apartment",904,"Limited"
"1148",2800,213,3,2,"Apartment",1214,"No"
"1151",3145,231,2,2,"Apartment",1049,"Yes"
"1153",2000,217,0,1,"Apartment",460,"Yes"
"1155",1900,213,1,1,"Apartment",682,"No"
"1160",2300,214,2,1,"House",800,"Yes"
"1166",2000,214,2,1,"Basement",1000,"No"
"1169",2100,214,2,1,"Basement",750,"No"
"1170",2200,214,1,1,"Apartment",750,"Limited"
"1171",2800,214,1,1,"House",1200,"No"
"1173",1700,214,0,1,"Basement",600,"Limited"
"1174",1850,214,1,1,"Basement",950,"No"
"1175",1700,214,2,1,"Basement",1100,"No"
"1178",1350,214,2,2,"Basement",1100,"No"
"1183",2500,214,2,2,"Basement",1300,"No"
"1184",2000,214,1,1,"Condo",470,"Yes"
"1186",3500,214,3,2,"House",1100,"No"
"1187",1200,214,1,1,"Basement",1000,"Yes"
"1188",1550,214,2,1,"Apartment",600,"No"
"1189",2800,214,2,1,"Basement",1100,"No"
"1192",2300,214,2,1,"Apartment",700,"No"
"1194",2000,214,1,1,"Apartment",600,"No"
"1197",2899,220,2,1,"Apartment",950,"Yes"
"1199",1995,210,0,1,"Apartment",520,"Limited"
"1201",2250,214,2,1,"Basement",1000,"No"
"1204",1950,214,1,1,"Apartment",1600,"No"
"1206",1550,214,0,1,"Apartment",250,"No"
"1210",1450,214,1,1,"Apartment",1,"No"
"1213",1690,214,1,1,"Apartment",550,"Yes"
"1221",1500,214,1,1,"Basement",1000,"No"
"1224",1550,214,1,1,"Basement",9999,"No"
"1227",2540,214,1,1,"Apartment",513,"Yes"
"1233",1950,214,1,1,"House",850,"Limited"
"1234",2200,214,2,1,"Apartment",800,"No"
"1235",1800,214,1,1,"Condo",800,"Limited"
"1237",1250,214,1,1,"Apartment",1,"No"
"1238",1600,214,0,1,"Basement",700,"Limited"
"1240",1700,214,0,1,"Basement",600,"Limited"
"1241",2295,210,1,1,"Apartment",680,"Yes"
"1242",2699,224,1,1,"Apartment",986,"Yes"
"1243",1999,211,0,1,"Apartment",500,"No"
"1245",3145,231,2,2,"Apartment",1049,"Yes"
"1251",1595,214,1,1,"Apartment",500,"No"
"1252",2000,214,2,1,"Basement",900,"No"
"1253",2000,214,0,1,"Apartment",500,"Yes"
"1254",2400,214,1,1,"Apartment",589,"Yes"
"1259",1400,214,0,1,"Apartment",600,"No"
"1260",1300,214,1,1,"Basement",200,"No"
"1267",1699,214,1,1,"Basement",650,"No"
"1268",2149,214,1,1,"Apartment",650,"Yes"
"1269",3347,214,2,1,"Apartment",900,"Yes"
"1270",3347,214,2,1,"Apartment",900,"Yes"
"1271",2349,214,1,1,"Apartment",602,"Yes"
"1272",2939,214,2,1,"Apartment",944,"Yes"
"1273",1949,214,0,1,"Apartment",387,"Yes"
"1274",2519,214,1,1,"Apartment",689,"Yes"
"1276",1929,214,0,1,"Apartment",351,"Yes"
"1279",2175,214,1,1,"Apartment",490,"Yes"
"1280",2359,214,1,1,"Apartment",589,"Yes"
"1281",1925,214,0,1,"Apartment",365,"Yes"
"1289",1895,210,0,1,"Apartment",325,"Yes"
"1290",2819,221,2,1,"Apartment",904,"Yes"
"1292",2069,210,0,1,"Apartment",411,"Yes"
"1293",2200,215,2,1,"Basement",900,"No"
"1294",2695,215,1,1,"Apartment",800,"No"
"1296",3300,215,2,2,"Apartment",800,"No"
"1297",2400,215,2,1,"Basement",650,"Limited"
"1299",450,215,2,2,"Basement",1200,"No"
"1300",1200,215,1,1,"Basement",600,"Limited"
"1301",2100,215,2,1,"Basement",900,"No"
"1303",2700,215,2,1,"Apartment",815,"No"
"1304",1950,215,1,1,"Apartment",615,"No"
"1306",1890,215,1,1,"Apartment",350,"No"
"1311",1700,215,1,1,"Apartment",750,"Limited"
"1313",2200,215,2,2,"Basement",1000,"No"
"1314",2950,215,2,2,"Apartment",755,"No"
"1315",2395,215,1,1,"Apartment",618,"Yes"
"1316",3149,215,2,1,"Apartment",899,"Limited"
"1321",2150,215,0,1,"Condo",400,"No"
"1322",3350,215,3,1,"Apartment",1000,"No"
"1324",1500,215,2,2,"Condo",900,"No"
"1327",1700,215,1,1,"Basement",900,"No"
"1332",2700,215,3,1,"Apartment",750,"No"
"1342",1600,215,0,1,"Basement",500,"Limited"
"1345",2195,215,1,1,"Apartment",500,"No"
"1347",900,215,0,1,"Apartment",1,"Yes"
"1348",1800,215,1,1,"Basement",800,"No"
"1349",2463,215,1,1,"Apartment",639,"Yes"
"1350",2878,215,2,1,"Apartment",935,"No"
"1351",2900,215,1,1.5,"Apartment",700,"No"
"1352",2930,215,3,1,"Apartment",1250,"Yes"
"1353",1874,215,0,1,"Apartment",228,"Limited"
"1354",1995,215,1,1,"Apartment",700,"Yes"
"1355",3324,215,3,1.5,"Apartment",1157,"No"
"1356",2350,215,1,1,"Apartment",557,"Yes"
"1357",725,210,1,1,"Apartment",558,"Limited"
"1358",2500,215,1,1,"Apartment",589,"Yes"
"1361",1900,215,1,1,"Apartment",800,"Limited"
"1365",3000,215,3,2,"Basement",899,"No"
"1366",1997,215,0,1,"Apartment",352,"No"
"1368",2500,215,2,1,"Apartment",600,"Limited"
"1372",975,215,1,1,"Basement",500,"No"
"1373",2300,215,2,1,"Basement",1300,"No"
"1374",1800,215,2,1,"Basement",850,"No"
"1375",2649,215,1,1,"Apartment",884,"Yes"
"1382",2809,219,2,1,"Apartment",795,"Yes"
"1385",3000,215,3,1.5,"House",1000,"No"
"1388",1998,215,2,1,"Basement",700,"No"
"1390",2750,215,2,1,"Apartment",800,"Limited"
"1391",2089,215,0,1,"Apartment",390,"Yes"
"1393",2400,215,1,1,"Apartment",571,"Yes"
"1394",2550,215,1,1,"Apartment",540,"Yes"
"1395",3200,215,2,1,"Apartment",751,"Yes"
"1396",3500,215,2,2,"Apartment",891,"Yes"
"1397",2225,215,0,1,"Apartment",360,"Yes"
"1398",3400,215,2,2.5,"Apartment",893,"Yes"
"1399",1999,215,0,1,"Apartment",428,"Yes"
"1400",2199,215,1,1,"Apartment",591,"Yes"
"1403",1550,215,0,1,"Basement",300,"No"
"1407",2500,216,2,1,"Basement",1000,"Limited"
"1408",1850,216,1,1,"Apartment",600,"Limited"
"1410",1950,216,2,1,"Basement",1100,"No"
"1412",1500,216,0,1,"Basement",800,"No"
"1413",1500,216,1,1,"Basement",300,"No"
"1415",1750,216,1,1,"Basement",500,"No"
"1416",1050,216,1,1,"Basement",400,"No"
"1418",2650,216,2,2,"Condo",950,"No"
"1419",1959,216,1,1,"Apartment",491,"Limited"
"1423",1445,216,3,1,"Apartment",1,"Yes"
"1424",2200,216,2,1,"Basement",800,"No"
"1427",2279,210,1,1,"Apartment",629,"Yes"
"1428",2819,221,2,1,"Apartment",904,"Yes"
"1429",3070,220,2,1,"Apartment",861,"Yes"
"1430",2229,210,1,1,"Apartment",640,"Yes"
"1433",750,216,2,1.5,"Apartment",1000,"No"
"1434",2600,216,2,1,"Apartment",700,"Limited"
"1445",2900,216,2,1,"Apartment",700,"Yes"
"1446",2800,216,3,1,"Apartment",1200,"No"
"1450",2075,216,0,1,"Apartment",550,"No"
"1452",2000,216,1,1,"Basement",680,"Yes"
"1453",1800,216,1,1,"Basement",750,"No"
"1454",1850,216,1,1,"Apartment",500,"No"
"1455",2456,216,1,1,"Apartment",666,"No"
"1456",2962,216,2,1,"Apartment",847,"No"
"1457",1965,216,0,1,"Apartment",429,"No"
"1459",1943,216,0,1,"Apartment",376,"No"
"1460",2195,216,1,1,"Apartment",628,"No"
"1461",2125,216,1,1,"Apartment",617,"No"
"1462",3097,216,2,1,"Apartment",806,"No"
"1463",2311,216,1,1,"Apartment",705,"No"
"1464",2061,216,0,1,"Apartment",482,"No"
"1465",3402,216,2,1.5,"Apartment",1015,"No"
"1466",2381,216,1,1,"Apartment",667,"No"
"1467",2199,216,1,1,"Apartment",524,"No"
"1468",2207,216,1,1,"Apartment",621,"No"
"1469",2399,216,1,1,"Apartment",685,"No"
"1470",1800,216,1,1,"Apartment",700,"No"
"1471",2500,241,2,1,"Apartment",1,"Limited"
"1474",1895,210,1,1,"Apartment",470,"Limited"
"1477",1981,216,0,1,"Apartment",390,"No"
"1478",1750,216,0,1,"Apartment",390,"Yes"
"1479",2239,216,1,1,"Apartment",653,"No"
"1480",2778,216,2,1,"Apartment",943,"No"
"1481",2016,216,1,1,"Apartment",525,"No"
"1482",2774,216,2,1,"Apartment",865,"No"
"1483",2369,216,1,1,"Apartment",689,"No"
"1484",2611,216,1,1,"Apartment",624,"No"
"1485",2251,216,1,1,"Apartment",651,"No"
"1486",1725,216,0,1,"Apartment",410,"Yes"
"1487",2253,216,1,1,"Apartment",603,"No"
"1488",2366,216,1,1,"Apartment",749,"No"
"1489",2814,216,2,1,"Apartment",931,"No"
"1490",2121,216,1,1,"Apartment",655,"No"
"1492",1850,216,1,1,"Apartment",800,"No"
"1493",2815,216,2,1,"Apartment",940,"Yes"
"1494",2434,216,1,1,"Apartment",694,"No"
"1495",2252,216,1,1,"Apartment",560,"No"
"1496",2076,216,0,1,"Apartment",549,"No"
"1497",3138,216,3,1.5,"Apartment",1332,"No"
"1498",2277,216,1,1,"Apartment",493,"No"
"1499",2719,216,2,1,"Apartment",805,"No"
"1500",2369,216,1,1,"Apartment",639,"No"
"1501",1893,216,0,1,"Apartment",456,"No"
"1507",2625,216,2,1,"Apartment",1000,"Yes"
"1515",2400,216,1,1,"Apartment",500,"Yes"
"1518",2285,210,1,1,"Apartment",625,"Yes"
"1520",2400,222,2,1,"Apartment",833,"Yes"
"1521",2429,225,1,1,"Apartment",742,"Limited"
"1531",2400,216,1,1,"Apartment",596,"Yes"
"1532",2100,216,0,1,"Apartment",500,"Yes"
"1533",1895,216,0,1,"Apartment",500,"Yes"
"1534",3300,216,1,1,"Apartment",608,"Yes"
"1535",2400,216,1,1,"Apartment",550,"Yes"
"1536",2300,216,0,1,"Apartment",500,"Yes"
"1537",1950,216,0,1,"Apartment",500,"Yes"
"1538",2200,216,0,1,"Apartment",500,"Yes"
"1539",2800,216,2,1,"Apartment",896,"Yes"
"1540",2150,216,0,1,"Apartment",500,"Yes"
"1541",2400,216,1,1,"Apartment",590,"Yes"
"1542",2100,216,0,1,"Apartment",500,"Yes"
"1543",2475,216,1,1,"Apartment",742,"Yes"
"1545",2000,216,1,1,"Apartment",500,"Yes"
"1546",2100,216,0,1,"Apartment",500,"Yes"
"1547",3600,216,3,2,"Apartment",1207,"Yes"
"1548",2100,216,0,1,"Apartment",500,"Yes"
"1549",2300,216,0,1,"Apartment",500,"Yes"
"1551",2150,216,0,1,"Apartment",500,"Yes"
"1552",2200,216,0,1,"Apartment",500,"Yes"
"1553",2600,216,2,1,"Apartment",896,"Yes"
"1557",3000,216,2,1,"Condo",735,"Limited"
"1558",1350,216,0,1,"Basement",700,"Limited"
"1559",2400,216,1,1,"Apartment",550,"Limited"
"1562",2100,216,1,1,"Apartment",900,"Limited"
"1565",2899,220,2,1,"Apartment",950,"Yes"
"1566",2975,213,2,1,"Apartment",850,"Yes"
"1567",2000,217,0,1,"Apartment",460,"Yes"
"1568",1895,210,1,1,"Apartment",470,"Limited"
"1571",1600,216,0,1,"Apartment",700,"Yes"
"1572",1750,216,1,1,"Basement",550,"Limited"
"1573",1650,216,1,1,"Apartment",650,"No"
"1575",1849,216,1,1,"Apartment",550,"Yes"
"1576",1850,216,0,1,"Apartment",400,"Yes"
"1580",1475,216,0,1,"Apartment",200,"Limited"
"1582",1990,216,1,1,"Apartment",600,"Limited"
"1583",2680,216,2,1,"Condo",1100,"Limited"
"1585",2200,216,2,1.5,"Basement",1400,"No"
"1587",1650,216,0,1.5,"Basement",1,"Limited"
"1588",1800,216,0,1,"Apartment",800,"No"
"1591",1846,216,0,1,"Apartment",372,"Yes"
"1592",2600,216,1,1,"Apartment",644,"Yes"
"1593",2300,216,0,1,"Apartment",500,"Yes"
"1594",2784,216,1,1,"Apartment",700,"Yes"
"1595",2384,216,1,1,"Apartment",700,"Yes"
"1597",1550,217,1,1,"Basement",850,"No"
"1598",1550,217,1,1,"Basement",850,"No"
"1601",1250,217,0,1,"Basement",500,"No"
"1604",2800,217,3,1,"Basement",1265,"Yes"
"1606",2800,217,2,1,"Apartment",1200,"Yes"
"1607",1400,217,1,1,"Apartment",1110,"No"
"1609",2819,228,1,1,"Apartment",689,"Yes"
"1610",2279,229,1,1,"Apartment",706,"Yes"
"1611",2925,221,2,1,"Apartment",830,"Yes"
"1612",2000,217,0,1,"Apartment",460,"Yes"
"1615",3500,217,2,2,"Condo",820,"Limited"
"1616",2200,217,2,1.5,"Basement",1400,"No"
"1619",1800,217,2,1,"Basement",750,"No"
"1620",2200,217,1,1,"Duplex/Triplex",681,"Yes"
"1623",2480,217,2,1,"Basement",750,"No"
"1624",1500,217,0,1,"Apartment",300,"Limited"
"1625",1750,217,1,1,"Apartment",550,"Yes"
"1628",2550,217,2,1,"Basement",1150,"Limited"
"1633",3190,217,2,1,"Apartment",1200,"Yes"
"1634",1650,217,1,1,"Condo",800,"No"
"1637",1900,217,2,1,"Apartment",500,"Yes"
"1639",2900,217,2,1,"House",750,"No"
"1641",2150,217,1,1,"Condo",580,"Yes"
"1643",2500,217,2,1,"Apartment",860,"Limited"
"1645",3425,217,1,1,"Apartment",539,"Yes"
"1647",2050,217,1,1,"Apartment",478,"Yes"
"1649",2200,217,1,1,"Apartment",694,"Yes"
"1650",3400,217,2,1,"Apartment",1278,"Yes"
"1651",1955,217,1,1,"Basement",750,"Limited"
"1653",1725,217,0,1,"Apartment",404,"Yes"
"1654",2000,217,0,1,"Apartment",460,"Yes"
"1656",2819,228,1,1,"Apartment",689,"Yes"
"1657",2699,224,1,1,"Apartment",986,"Yes"
"1660",1895,210,0,1,"Apartment",325,"Yes"
"1662",2000,217,0,1,"Apartment",433,"Yes"
"1663",2500,217,2,1,"Basement",1750,"Yes"
"1672",2885,217,2,1,"House",1000,"No"
"1675",2150,217,1,1,"Apartment",600,"Yes"
"1676",2200,217,1,1,"Apartment",800,"Limited"
"1680",2195,217,0,1,"Apartment",800,"Yes"
"1682",2800,217,2,1,"Apartment",870,"Yes"
"1683",2800,217,2,1,"Apartment",1000,"Yes"
"1686",2500,217,2,1,"Basement",900,"No"
"1691",3499,217,2,1.5,"Apartment",903,"Yes"
"1693",2049,217,0,1,"Apartment",388,"Yes"
"1700",2100,218,2,1,"Apartment",600,"No"
"1701",2819,228,1,1,"Apartment",689,"Yes"
"1703",1900,210,1,1,"Basement",750,"No"
"1704",2429,225,1,1,"Apartment",742,"Limited"
"1706",3209,229,2,1,"Apartment",912,"Yes"
"1707",2100,218,2,1,"Apartment",600,"No"
"1709",2550,218,2,1,"Apartment",902,"Yes"
"1711",2550,218,2,1,"Apartment",902,"Yes"
"1713",2300,218,1,1,"Apartment",680,"Yes"
"1714",2100,218,1,1,"Apartment",504,"Yes"
"1716",2950,218,2,2,"Apartment",600,"No"
"1720",1225,218,0,1,"Apartment",200,"No"
"1722",3350,218,2,2,"Apartment",650,"No"
"1726",1150,218,1,1,"Apartment",700,"Yes"
"1728",1500,218,0,1,"Apartment",600,"No"
"1729",2200,218,2,1,"Apartment",750,"No"
"1730",2250,218,2,1,"Basement",700,"No"
"1731",2725,218,2,1,"Duplex/Triplex",1200,"No"
"1732",1700,218,1,1,"Apartment",500,"Limited"
"1734",1300,218,0,1,"Apartment",140,"No"
"1737",2150,218,1,1,"Apartment",650,"Yes"
"1738",1850,218,0,1,"Apartment",350,"Yes"
"1743",2700,218,3,1,"House",1399,"No"
"1745",2700,218,3,1,"House",1399,"No"
"1748",2975,213,2,1,"Apartment",850,"Yes"
"1749",3209,229,2,1,"Apartment",912,"Yes"
"1750",2287,211,1,1,"Apartment",555,"Yes"
"1752",3347,211,2,1,"Apartment",900,"Yes"
"1754",2500,218,2,1,"Condo",599,"No"
"1755",2204,218,1,1,"Apartment",750,"Limited"
"1756",2150,218,1,1,"Apartment",566,"Yes"
"1757",2550,218,2,1,"Condo",530,"Limited"
"1758",1925,218,0,1,"Apartment",403,"Yes"
"1759",2605,218,2,1,"Apartment",805,"Yes"
"1762",2495,218,2,2.5,"Apartment",1,"Yes"
"1764",2485,218,2,1,"Apartment",690,"Limited"
"1771",2500,218,2,1,"Condo",599,"No"
"1772",2250,218,1,1,"Condo",400,"Yes"
"1775",1500,218,0,1,"Basement",850,"No"
"1776",1905,218,0,1,"Apartment",450,"Yes"
"1779",2200,218,1,1,"Apartment",700,"Limited"
"1784",2519,218,1,1,"Apartment",665,"Limited"
"1788",2430,218,1,1,"Apartment",620,"Yes"
"1793",1805,210,0,1,"Apartment",390,"Limited"
"1796",3209,229,2,1,"Apartment",912,"Yes"
"1797",3145,231,2,2,"Apartment",1049,"Yes"
"1798",1995,210,0,1,"Apartment",520,"Limited"
"1799",2160,218,2,1,"Apartment",1075,"Yes"
"1800",1850,218,0,1,"Apartment",335,"Yes"
"1802",2500,218,1,1,"Condo",518,"Limited"
"1803",2750,218,2,1,"Apartment",1100,"Limited"
"1806",2750,219,1,1,"Apartment",700,"No"
"1807",2100,219,2,1,"Apartment",750,"No"
"1810",1850,219,1,1,"Apartment",600,"Limited"
"1814",2750,219,2,1,"Apartment",886,"Yes"
"1815",1275,219,0,1,"Apartment",400,"Yes"
"1816",3000,219,1,1,"Condo",470,"Yes"
"1818",1805,219,0,1,"Apartment",246,"No"
"1819",3000,219,2,1,"Apartment",753,"Limited"
"1822",2150,219,2,1,"Townhouse",700,"No"
"1824",2950,219,2,1,"Apartment",1100,"No"
"1825",3000,219,3,1,"Apartment",875,"No"
"1827",1500,219,1,1,"Basement",500,"No"
"1829",1295,219,2,1,"Apartment",650,"No"
"1835",1995,219,1,1,"Apartment",850,"Limited"
"1837",1650,219,2,2,"Condo",700,"No"
"1838",3753,219,3,2,"Apartment",1003,"Yes"
"1839",2069,210,0,1,"Apartment",411,"Yes"
"1841",2975,213,2,1,"Apartment",850,"Yes"
"1842",2819,221,2,1,"Apartment",904,"Yes"
"1848",1590,219,0,1,"Apartment",300,"No"
"1850",2809,219,2,1,"Apartment",795,"Yes"
"1851",2099,219,0,1,"Apartment",425,"Yes"
"1852",2529,219,1,1,"Apartment",582,"Yes"
"1853",2299,219,1,1,"Apartment",490,"Yes"
"1854",1900,219,1,1,"House",700,"Limited"
"1858",2049,219,1,1,"Apartment",468,"Yes"
"1859",1999,219,0,1,"Apartment",423,"Yes"
"1860",2200,219,1,1,"Apartment",529,"Yes"
"1861",2450,219,1,1,"Condo",500,"No"
"1862",2500,219,1,1,"Condo",500,"No"
"1863",3500,219,2,1,"Apartment",760,"No"
"1866",1150,219,1,1,"Basement",650,"No"
"1869",2900,219,2,1,"Apartment",700,"Yes"
"1870",3300,219,3,1,"Apartment",1200,"Yes"
"1872",1400,219,1,1,"Basement",400,"No"
"1873",1100,219,3,2,"Apartment",400,"No"
"1875",1450,219,0,1,"Apartment",700,"No"
"1877",2200,219,1,1,"Apartment",495,"No"
"1880",1750,219,2,1,"Apartment",650,"No"
"1881",1800,219,1,1,"Basement",800,"No"
"1882",1775,219,1,1,"Apartment",650,"Limited"
"1883",1399,219,0,1,"Basement",350,"No"
"1884",1975,219,1,1,"Apartment",750,"Yes"
"1885",1900,210,1,1,"Basement",750,"No"
"1891",1975,219,1,1,"Apartment",750,"Yes"
"1894",2265,219,1,1,"Apartment",750,"Limited"
"1895",1050,219,2,1,"Apartment",850,"No"
"1896",3200,219,3,1,"Duplex/Triplex",1000,"Yes"
"1897",1950,219,1,1,"Apartment",700,"Limited"
"1898",1850,219,1,1,"Basement",600,"No"
"1900",2300,219,2,1,"Basement",900,"No"
"1908",2450,219,2,1,"Apartment",690,"Limited"
"1911",3050,219,3,1.5,"Apartment",1088,"Limited"
"1914",3000,219,3,1.5,"Apartment",1010,"Limited"
"1915",2900,219,2,1,"Apartment",917,"Limited"
"1916",2100,219,1,1,"Apartment",715,"Limited"
"1917",2250,219,1,1,"Apartment",700,"Limited"
"1922",2699,219,2,1,"Apartment",865,"Yes"
"1924",1950,219,1,1,"Apartment",600,"No"
"1927",3450,220,3,1.5,"Condo",1000,"No"
"1931",2819,228,1,1,"Apartment",689,"Yes"
"1934",2200,219,1,1,"Apartment",529,"Yes"
"1938",1600,220,1,1,"Apartment",450,"Limited"
"1939",2200,220,2,1,"Basement",650,"No"
"1941",3070,220,2,1,"Apartment",861,"Yes"
"1943",1800,220,0,1,"Basement",750,"Limited"
"1952",2899,220,2,1,"Apartment",950,"Yes"
"1953",2799,220,2,1,"Apartment",950,"Yes"
"1954",1700,220,1,1,"Basement",550,"No"
"1955",1650,220,1,1,"Basement",749,"Yes"
"1958",2400,220,1,1,"Apartment",750,"No"
"1959",1900,220,1,2,"Apartment",140,"No"
"1960",3700,220,3,2,"Condo",934,"No"
"1965",2400,220,1,1,"Condo",530,"No"
"1969",2750,220,2,1,"Apartment",400,"Yes"
"1973",1800,220,1,1,"Basement",500,"Yes"
"1974",1800,220,1,1,"Basement",650,"No"
"1975",2700,220,1,1,"Apartment",667,"Yes"
"1978",2279,229,1,1,"Apartment",706,"Yes"
"1984",1490,220,1,1,"Apartment",100,"No"
"1987",1850,220,1,1,"Apartment",700,"Limited"
"1988",1600,220,0,1,"Apartment",500,"No"
"1990",300,220,1,1,"Apartment",590,"No"
"1991",2050,220,0,1,"Condo",499,"Yes"
"1993",2000,220,2,1,"Basement",1000,"Limited"
"1996",3100,220,2,2,"Condo",869,"Yes"
"1998",2250,220,2,1,"Basement",900,"Yes"
"2002",1997,220,0,1,"Apartment",502,"Yes"
"2003",2465,220,1,1,"Apartment",632,"Yes"
"2006",1800,220,1,1,"Apartment",650,"Limited"
"2009",2800,220,3,2,"Apartment",1195,"No"
"2013",2349,220,1,1,"Apartment",697,"Yes"
"2015",2400,221,2,1,"Apartment",650,"No"
"2018",1595,221,1,1,"Basement",575,"No"
"2023",2299,219,1,1,"Apartment",490,"Yes"
"2026",2819,228,1,1,"Apartment",689,"Yes"
"2033",1900,221,2,1,"Apartment",800,"No"
"2036",2200,221,1,1,"Townhouse",499,"Limited"
"2040",1300,221,0,1,"Basement",430,"No"
"2043",2500,221,0,1,"House",620,"No"
"2044",1200,221,1,1,"Basement",500,"No"
"2045",2000,221,1,1,"Apartment",600,"No"
"2046",1600,221,1,1,"Condo",800,"Yes"
"2047",1950,221,1,1,"Basement",475,"No"
"2049",1800,221,1,1,"Basement",1000,"Limited"
"2050",2390,221,2,1,"Apartment",900,"Yes"
"2051",1850,221,1,1,"Apartment",660,"No"
"2058",3485,221,3,2,"Apartment",1,"Yes"
"2060",1650,221,0,1,"Apartment",500,"Limited"
"2061",1700,221,0,1,"Apartment",400,"No"
"2062",1950,221,2,1,"Basement",800,"No"
"2069",2287,211,1,1,"Apartment",555,"Yes"
"2070",2500,241,2,1,"Apartment",1,"Limited"
"2072",2819,221,2,1,"Apartment",904,"Yes"
"2073",1900,210,1,1,"Basement",750,"No"
"2074",2285,210,1,1,"Apartment",625,"Yes"
"2076",1700,221,1,1,"Basement",400,"No"
"2077",1900,221,1,1,"Apartment",520,"Yes"
"2079",1900,221,2,1,"Apartment",650,"No"
"2080",1560,221,1,1,"Basement",550,"Limited"
"2082",2200,221,2,1,"Basement",1000,"No"
"2084",1400,221,1,1,"Apartment",750,"Limited"
"2095",3000,221,2,1,"Condo",700,"No"
"2100",2100,221,0,1,"Apartment",550,"No"
"2101",2400,221,1,1,"Condo",547,"No"
"2102",2450,221,1,1,"Apartment",670,"Yes"
"2105",2100,221,2,1,"Apartment",700,"Yes"
"2107",2819,221,2,1,"Apartment",904,"Yes"
"2108",2479,221,1,1,"Apartment",629,"Yes"
"2109",2225,221,1,1,"Apartment",820,"Yes"
"2110",2285,221,1,1,"Apartment",616,"Limited"
"2111",2925,221,2,1,"Apartment",830,"Yes"
"2112",2826,221,2,1,"Apartment",850,"Limited"
"2114",3100,221,2,2,"Apartment",800,"No"
"2116",2279,229,1,1,"Apartment",706,"Yes"
"2120",2500,241,2,1,"Apartment",1,"Limited"
"2121",1300,222,0,1,"Basement",350,"No"
"2123",2100,222,0,1,"Condo",499,"Limited"
"2125",2200,222,1,1,"Apartment",850,"No"
"2126",2625,222,1,1,"Apartment",602,"Yes"
"2127",2600,222,2,1,"Apartment",1500,"No"
"2128",2390,222,2,1,"Apartment",800,"Limited"
"2129",2200,222,2,1,"Basement",1200,"No"
"2130",2590,222,2,1,"Apartment",1000,"Limited"
"2133",2000,222,2,1,"Apartment",750,"No"
"2139",1800,222,1,1,"Condo",650,"Yes"
"2142",2800,222,3,1,"Apartment",1200,"No"
"2146",1800,222,2,1,"Basement",1200,"No"
"2150",2195,222,1,1,"Apartment",500,"No"
"2151",1795,222,1,1,"Apartment",1,"No"
"2152",3100,222,3,1,"Apartment",700,"Yes"
"2153",2300,222,1,1,"Condo",520,"Yes"
"2154",2100,222,0,1,"Condo",500,"Yes"
"2162",2819,228,1,1,"Apartment",689,"Yes"
"2163",2800,217,3,1,"Basement",1265,"Yes"
"2164",2279,229,1,1,"Apartment",706,"Yes"
"2166",2678,210,2,1,"Apartment",994,"No"
"2167",1400,222,1,1,"Basement",450,"No"
"2170",2200,222,1,1,"Apartment",612,"Yes"
"2171",1800,222,1,1,"Basement",900,"No"
"2172",2748,222,2,1,"Apartment",844,"Yes"
"2173",2050,222,1,1,"Apartment",514,"Yes"
"2174",2325,222,1,1,"Apartment",715,"Yes"
"2175",2895,222,2,1,"Apartment",1173,"Yes"
"2181",1875,222,1,1,"Basement",800,"Yes"
"2183",1500,222,1,1,"Basement",450,"No"
"2184",1300,222,1,1,"Basement",650,"No"
"2185",825,222,2,1,"Apartment",130,"No"
"2186",2200,222,1,1,"Basement",500,"No"
"2188",2500,222,2,1,"Apartment",1100,"Limited"
"2189",1625,222,2,2,"Apartment",1000,"Limited"
"2190",3150,222,3,1,"House",1200,"Limited"
"2192",600,222,3,1.5,"Apartment",1100,"No"
"2194",2200,222,2,1,"Basement",750,"No"
"2195",2015,222,0,1,"Apartment",400,"Yes"
"2196",2510,222,1,1,"Apartment",815,"Yes"
"2197",2410,222,1,1,"Apartment",650,"Yes"
"2198",2940,222,2,1,"Apartment",1055,"Yes"
"2199",2655,222,2,1,"Apartment",1030,"Yes"
"2201",2379,222,1,1,"Apartment",606,"Yes"
"2202",2369,222,1,1,"Apartment",573,"Yes"
"2203",2499,222,2,1,"Apartment",626,"Yes"
"2204",2400,222,2,1,"Apartment",833,"Yes"
"2206",2200,222,1,1,"Apartment",618,"Yes"
"2209",1999,211,0,1,"Apartment",500,"No"
"2210",2297,211,1,1,"Apartment",758,"No"
"2211",2519,218,1,1,"Apartment",665,"Limited"
"2213",2929,222,2,1,"Apartment",875,"Limited"
"2214",2995,222,2,1,"Apartment",1196,"Limited"
"2215",2310,222,1,1,"Apartment",788,"Yes"
"2218",2250,223,1,1,"Apartment",499,"Limited"
"2219",2600,223,2,1,"Basement",1000,"No"
"2220",1950,223,0,1,"Condo",357,"No"
"2221",1575,223,1,1,"Apartment",600,"No"
"2222",3199,223,2,2,"Condo",703,"Yes"
"2223",2220,223,1,1,"Apartment",590,"Yes"
"2224",2355,223,1,1,"Apartment",775,"Yes"
"2225",2370,223,1,1,"Apartment",760,"Yes"
"2226",2640,223,2,1,"Apartment",955,"Yes"
"2227",2550,223,2,1,"Apartment",902,"Yes"
"2228",1200,223,1,1.5,"Apartment",1000,"No"
"2230",1700,223,2,1,"Basement",600,"No"
"2231",2275,223,1,1,"Apartment",713,"Yes"
"2232",2515,223,2,1,"Apartment",870,"Yes"
"2233",2200,223,1,1,"Apartment",620,"Yes"
"2234",2350,223,1,1,"Apartment",620,"Yes"
"2235",1500,223,1,1,"Basement",700,"No"
"2236",1950,223,1,1,"Apartment",650,"Limited"
"2238",1700,223,1,1,"Basement",1000,"No"
"2239",2550,223,1,1,"Apartment",950,"No"
"2243",1500,223,1,1,"Apartment",400,"Limited"
"2246",1525,223,0,1,"Apartment",680,"Limited"
"2248",1900,223,2,1,"Basement",1200,"No"
"2253",2295,210,1,1,"Apartment",680,"Yes"
"2255",1805,210,0,1,"Apartment",390,"Limited"
"2256",3145,231,2,2,"Apartment",1049,"Yes"
"2257",2299,219,1,1,"Apartment",490,"Yes"
"2258",2519,210,1,1,"Apartment",738,"No"
"2262",2100,223,2,1,"Apartment",800,"No"
"2264",3900,223,3,2,"Apartment",1200,"Limited"
"2266",3260,223,4,1.5,"Apartment",900,"No"
"2267",1800,223,1,1,"Townhouse",600,"No"
"2268",1450,223,1,1,"Apartment",500,"No"
"2271",2000,223,1,1,"Apartment",500,"No"
"2272",1399,223,1,1,"Apartment",1200,"Limited"
"2274",500,223,1,1,"Apartment",890,"No"
"2275",1850,223,1,1,"Basement",500,"No"
"2276",2100,223,1,1,"Condo",600,"Yes"
"2277",1700,223,1,1,"Basement",600,"No"
"2280",2300,223,1,1,"Apartment",715,"Limited"
"2283",600,223,1,1,"Apartment",300,"No"
"2285",2000,223,1,1,"Apartment",700,"Yes"
"2291",1350,223,3,1,"House",250,"No"
"2295",2900,223,2,2,"Condo",700,"No"
"2296",2200,223,0,1,"Condo",400,"Limited"
"2297",1950,223,1,1,"Apartment",750,"Limited"
"2298",2000,223,2,1,"Apartment",600,"No"
"2301",2500,241,2,1,"Apartment",1,"Limited"
"2302",2929,222,2,1,"Apartment",875,"Limited"
"2304",2000,217,0,1,"Apartment",460,"Yes"
"2306",2200,223,2,1,"Apartment",750,"Limited"
"2307",2150,223,2,1,"Basement",1200,"No"
"2308",2000,223,1,1,"Basement",750,"No"
"2309",1550,223,1,1,"Apartment",700,"Yes"
"2311",2650,223,2,1,"Apartment",917,"Limited"
"2313",2175,223,1,1,"Apartment",650,"Yes"
"2314",2195,223,1,1,"Apartment",775,"Yes"
"2315",2350,223,1,1,"Apartment",690,"Limited"
"2316",3250,223,3,1,"Apartment",1285,"Yes"
"2317",1895,223,1,1,"Apartment",500,"Yes"
"2318",2150,223,1,1,"Apartment",587,"Yes"
"2319",1700,223,0,1,"Apartment",293,"Yes"
"2323",1650,224,0,1,"Apartment",600,"No"
"2326",2675,224,2,1,"Apartment",815,"Yes"
"2328",1600,224,1,1,"Apartment",750,"No"
"2330",1999,224,1,1.5,"Apartment",600,"No"
"2332",2099,224,1,1.5,"Apartment",600,"No"
"2333",949,224,0,1,"Apartment",250,"No"
"2334",2699,224,2,1,"Apartment",865,"Yes"
"2335",2100,224,1,1,"Apartment",800,"Yes"
"2337",1800,224,0,1,"Basement",400,"Yes"
"2339",2800,224,2,1,"Condo",660,"Limited"
"2340",1950,224,1,1,"Apartment",501,"Yes"
"2345",2287,211,1,1,"Apartment",555,"Yes"
"2346",2299,219,1,1,"Apartment",490,"Yes"
"2349",2279,210,1,1,"Apartment",629,"Yes"
"2350",2195,218,1,1,"Apartment",504,"Yes"
"2351",2300,224,1,1,"Apartment",630,"No"
"2352",2200,224,1,1,"Apartment",500,"Limited"
"2353",2295,224,1,1,"Apartment",500,"Limited"
"2354",1850,224,1,1,"Basement",700,"No"
"2355",2280,224,1,1,"Apartment",899,"Yes"
"2356",1850,224,1,1,"Basement",700,"No"
"2357",1460,224,1,1,"Basement",800,"No"
"2359",2200,224,0,1,"Condo",500,"Yes"
"2363",2700,224,1,1,"Apartment",600,"No"
"2367",1829,224,0,1,"Apartment",600,"Yes"
"2368",1850,224,1,1,"Basement",450,"Limited"
"2369",2699,224,2,1,"Apartment",756,"Yes"
"2370",2100,224,2,1,"Basement",500,"Limited"
"2372",2145,224,1,1.5,"Apartment",570,"Limited"
"2373",1650,224,0,1,"Apartment",230,"Yes"
"2374",2850,224,2,1.5,"Apartment",1100,"Yes"
"2376",2699,224,2,1,"Apartment",986,"Yes"
"2377",2699,224,1,1,"Apartment",986,"Yes"
"2378",2880,224,2,1,"Apartment",967,"Yes"
"2379",2400,224,2,1,"Apartment",755,"Yes"
"2380",1950,224,1,1,"Apartment",669,"Yes"
"2388",2500,224,1,1,"Apartment",600,"No"
"2391",2297,211,1,1,"Apartment",758,"No"
"2393",2400,222,2,1,"Apartment",833,"Yes"
"2394",2929,222,2,1,"Apartment",875,"Limited"
"2395",2925,221,2,1,"Apartment",830,"Yes"
"2397",1000,224,1,1,"Basement",600,"No"
"2398",2125,224,1,1,"Apartment",650,"Yes"
"2400",1450,224,0,1,"Basement",600,"No"
"2401",2100,224,2,1,"Duplex/Triplex",650,"No"
"2402",2550,224,2,1,"Apartment",600,"Yes"
"2403",825,224,2,1,"Apartment",130,"No"
"2404",800,224,2,1,"Basement",100,"No"
"2406",2300,224,2,1,"Basement",800,"Yes"
"2407",2850,224,2,1,"Apartment",750,"Yes"
"2411",1200,224,1,1,"Apartment",800,"Yes"
"2412",2300,224,1,1,"Apartment",800,"Limited"
"2414",2333,224,0,1,"Apartment",936,"Limited"
"2416",1800,224,1,1,"Apartment",584,"No"
"2417",1750,224,1,1,"Apartment",443,"Yes"
"2418",2489,224,1,1,"Apartment",629,"Limited"
"2422",3295,224,1,1,"Apartment",747,"Yes"
"2430",2200,225,1,1,"Apartment",557,"Yes"
"2432",2049,225,1,1,"Apartment",499,"Limited"
"2433",1650,225,0,1,"Apartment",236,"Yes"
"2439",3209,229,2,1,"Apartment",912,"Yes"
"2441",2300,218,1,1,"Apartment",680,"Yes"
"2443",1625,225,0,1,"Apartment",236,"Yes"
"2444",2950,225,3,1.5,"Apartment",532,"Limited"
"2445",2345,225,1,1,"Apartment",520,"Yes"
"2447",1750,225,2,1,"Duplex/Triplex",750,"No"
"2449",1475,225,1,1,"Apartment",1234,"Yes"
"2450",2300,225,1,1,"Apartment",800,"No"
"2454",2295,225,1,1,"Apartment",550,"Limited"
"2458",1500,225,1,1,"Condo",500,"Limited"
"2459",2300,225,1,1,"Basement",500,"No"
"2462",2500,225,1,1,"Condo",500,"Yes"
"2465",1995,225,0,1,"Apartment",301,"Yes"
"2468",1850,225,1,1,"Apartment",600,"Yes"
"2470",2400,225,2,2,"Apartment",972,"No"
"2471",2250,225,2,1.5,"Apartment",958,"No"
"2472",1900,225,1,1,"Apartment",717,"No"
"2473",3500,225,4,2,"House",3300,"Yes"
"2474",1950,225,0,1,"Apartment",400,"No"
"2479",1570,225,1,1,"House",1400,"No"
"2481",3789,225,2,2,"Apartment",890,"Yes"
"2485",2300,218,1,1,"Apartment",680,"Yes"
"2487",1900,210,1,1,"Basement",750,"No"
"2492",2700,225,3,1,"Basement",800,"No"
"2495",1500,225,0,1,"Basement",400,"No"
"2497",2100,225,1,1,"House",650,"No"
"2498",2200,225,1,1,"Condo",499,"Yes"
"2501",1400,225,1,1,"Apartment",500,"Limited"
"2506",2429,225,1,1,"Apartment",742,"Limited"
"2508",2425,225,1,1,"Apartment",513,"Yes"
"2510",2000,225,3,1,"Apartment",9999,"No"
"2514",3100,226,3,2,"Apartment",900,"No"
"2515",2400,226,2,1,"Apartment",850,"No"
"2516",1600,226,0,1,"Basement",600,"Limited"
"2517",3000,226,2,1,"Apartment",850,"Limited"
"2523",3400,226,2,2,"Apartment",1074,"No"
"2526",2500,226,2,1,"Apartment",1098,"Yes"
"2527",2345,226,1,1,"Condo",650,"Yes"
"2528",1950,226,1,1,"Basement",500,"No"
"2529",2195,218,1,1,"Apartment",504,"Yes"
"2530",1900,210,1,1,"Basement",750,"No"
"2531",2429,225,1,1,"Apartment",742,"Limited"
"2532",3347,211,2,1,"Apartment",900,"Yes"
"2534",2285,210,1,1,"Apartment",625,"Yes"
"2536",2600,226,1,1,"Apartment",800,"Limited"
"2541",2236,226,1,1,"Apartment",602,"Yes"
"2542",2500,226,2,1,"Apartment",750,"Limited"
"2545",1750,226,1,1,"Basement",499,"Limited"
"2548",2000,226,2,1,"House",1300,"No"
"2549",2000,226,2,1,"House",1300,"No"
"2550",2999,226,2,1,"Basement",1000,"No"
"2551",2200,226,1,1,"Apartment",605,"Limited"
"2552",2049,226,1,1,"Apartment",627,"Yes"
"2553",2850,226,2,2,"Apartment",700,"No"
"2555",1845,226,1,1,"Apartment",450,"Limited"
"2556",2400,226,1,1,"Condo",560,"Yes"
"2557",2200,226,1,1,"Condo",560,"Yes"
"2559",2200,226,0,1,"Condo",500,"No"
"2560",1200,226,1,1,"Basement",600,"No"
"2561",1800,226,1,1,"Basement",900,"No"
"2566",1849,226,1,1,"Apartment",575,"Yes"
"2569",2995,226,2,2,"Condo",710,"No"
"2570",2995,226,2,2,"Condo",710,"No"
"2571",2100,226,1,1,"Condo",521,"No"
"2572",1500,226,3,2,"Condo",950,"No"
"2578",2000,210,0,1,"Apartment",445,"Yes"
"2579",2287,211,1,1,"Apartment",555,"Yes"
"2581",2500,226,1,1,"Condo",680,"Limited"
"2589",1750,227,1,1,"Basement",2,"Yes"
"2590",1500,227,1,1,"Basement",850,"Limited"
"2597",2000,227,1,1,"Apartment",700,"Limited"
"2599",2680,227,2,1,"Apartment",937,"Yes"
"2601",2350,227,1,1,"Apartment",600,"Limited"
"2607",1380,227,1,1,"Basement",550,"No"
"2608",1800,227,2,1,"Basement",40,"No"
"2609",3200,227,2,2,"Apartment",780,"Limited"
"2610",1975,227,1,1,"Apartment",750,"Limited"
"2612",1975,227,1,1,"Apartment",750,"Limited"
"2614",1900,227,1,1,"House",750,"No"
"2615",2884,227,2,1,"Apartment",1059,"Yes"
"2616",2305,227,1,1,"Apartment",791,"Yes"
"2618",2325,227,1,1,"Apartment",620,"Yes"
"2621",1895,210,1,1,"Apartment",470,"Limited"
"2624",3461,210,3,1.5,"Apartment",1282,"No"
"2625",2899,220,2,1,"Apartment",950,"Yes"
"2631",1400,227,0,1,"Apartment",700,"No"
"2632",2400,227,1,1,"Apartment",750,"Yes"
"2633",2000,227,2,1,"Basement",1800,"Limited"
"2634",1675,227,1,1,"Basement",650,"No"
"2635",1850,227,1,1,"Apartment",600,"Yes"
"2638",2000,227,1,1,"Basement",600,"No"
"2644",2250,227,0,1,"Apartment",400,"No"
"2646",2300,227,1,1,"Apartment",799,"No"
"2648",1950,227,1,1,"Apartment",650,"No"
"2650",1850,227,2,1,"Apartment",900,"Yes"
"2653",3300,228,2,1,"Apartment",1000,"No"
"2654",2490,228,2,1,"Apartment",800,"No"
"2655",1300,228,1,1,"Apartment",500,"No"
"2660",1600,228,0,1,"Basement",400,"No"
"2661",1499,228,1,1,"Basement",800,"No"
"2662",3000,228,2,1,"Apartment",750,"No"
"2663",1800,228,1,1,"Basement",650,"Limited"
"2665",2150,228,1,1,"Condo",550,"Limited"
"2666",1019,228,1,1,"Apartment",650,"Yes"
"2667",2647,211,1,1,"Apartment",758,"Yes"
"2670",2899,220,2,1,"Apartment",950,"Yes"
"2675",2580,228,2,2,"Apartment",1000,"No"
"2676",1975,228,1,1,"Apartment",409,"Yes"
"2677",2650,228,2,1,"Apartment",550,"No"
"2678",1300,228,0,1,"Apartment",250,"No"
"2679",2000,228,2,2,"Basement",1000,"No"
"2682",2250,228,1,1,"Apartment",621,"Yes"
"2687",3200,228,1,1,"Apartment",1100,"No"
"2688",2300,228,1,1,"Basement",500,"No"
"2690",3800,228,3,1,"Apartment",2000,"Limited"
"2691",900,228,1,1,"Apartment",80,"No"
"2695",2980,228,2,1,"Apartment",1200,"No"
"2696",1500,228,1,1,"Basement",750,"Yes"
"2697",2450,228,1,1,"House",800,"Limited"
"2698",1370,228,2,1,"Apartment",900,"Yes"
"2699",850,228,1,1,"Basement",750,"No"
"2700",3525,228,1,1,"Apartment",573,"Yes"
"2701",2875,228,3,2,"Apartment",1100,"No"
"2704",1200,228,1,1,"Apartment",500,"Yes"
"2707",3099,228,3,1.5,"Apartment",1000,"No"
"2710",2075,228,0,1,"Apartment",396,"Yes"
"2711",2325,228,1,1,"Apartment",690,"Yes"
"2712",2075,228,0,1,"Apartment",407,"Yes"
"2714",2899,220,2,1,"Apartment",950,"Yes"
"2716",2925,221,2,1,"Apartment",830,"Yes"
"2717",2090,210,0,1,"Apartment",325,"Yes"
"2719",2000,228,0,1,"Apartment",371,"Yes"
"2720",2819,228,1,1,"Apartment",689,"Yes"
"2723",1949,229,0,1,"Apartment",375,"Yes"
"2725",3209,229,2,1,"Apartment",912,"Yes"
"2726",1999,229,0,1,"Apartment",350,"Yes"
"2727",2709,229,2,1,"Apartment",920,"Yes"
"2728",2379,229,1,1,"Apartment",620,"Yes"
"2729",2279,229,1,1,"Apartment",706,"Yes"
"2730",3029,229,3,1,"Apartment",920,"Yes"
"2731",2869,229,2,1,"Apartment",900,"Yes"
"2732",2299,229,1,1,"Apartment",600,"Yes"
"2735",2250,229,1,1,"Condo",469,"No"
"2738",1400,229,1,1,"Basement",800,"No"
"2741",1800,229,2,1,"Basement",550,"No"
"2743",1650,229,1,1,"Apartment",600,"No"
"2746",2150,229,1,1,"Condo",700,"Yes"
"2748",2075,229,0,1,"Basement",600,"No"
"2749",1000,229,1,1,"Basement",350,"No"
"2750",975,229,1,1,"Basement",350,"No"
"2751",1900,229,0,1,"Apartment",350,"Yes"
"2758",1650,229,1,1,"Basement",600,"No"
"2761",1900,210,1,1,"Basement",750,"No"
"2762",3475,235,2,1,"Apartment",760,"Yes"
"2764",2800,217,3,1,"Basement",1265,"Yes"
"2768",1400,229,1,1,"Basement",900,"No"
"2770",1900,229,1,1,"Condo",1000,"No"
"2772",1550,229,1,1,"Basement",800,"No"
"2773",1800,229,1,1,"Apartment",500,"No"
"2775",1905,229,0,1,"Apartment",12,"Yes"
"2776",1650,229,1,1,"Apartment",600,"No"
"2777",1650,229,1,1,"Apartment",600,"No"
"2778",1650,229,1,1,"Basement",350,"No"
"2779",2450,229,1,1,"Apartment",850,"Yes"
"2781",2210,229,1,1,"Apartment",706,"Yes"
"2782",2745,229,2,1,"Apartment",940,"Yes"
"2783",2400,229,2,1,"Apartment",581,"Yes"
"2784",2925,229,2,1,"Apartment",794,"Yes"
"2788",2259,229,1,1,"Apartment",628,"Yes"
"2789",2050,229,1,1,"Apartment",546,"Yes"
"2790",2500,229,1,1,"Condo",1,"Yes"
"2791",2900,230,2,2,"Apartment",1000,"Yes"
"2792",2450,230,2,1,"Apartment",800,"No"
"2795",2679,230,1,1,"Apartment",748,"Yes"
"2796",2885,230,2,2,"Condo",685,"Yes"
"2797",3000,230,2,2,"Condo",685,"Yes"
"2798",2700,230,2,2,"Condo",799,"Yes"
"2799",2500,230,1,1,"Condo",599,"Yes"
"2800",2800,230,2,2,"Condo",685,"Yes"
"2801",2750,230,2,2,"Condo",685,"Yes"
"2802",2750,230,2,2,"Condo",700,"Yes"
"2803",2725,230,2,2,"Condo",685,"Yes"
"2804",2690,230,2,2,"Condo",685,"Yes"
"2805",2899,220,2,1,"Apartment",950,"Yes"
"2807",2300,218,1,1,"Apartment",680,"Yes"
"2808",3461,210,3,1.5,"Apartment",1282,"No"
"2809",2809,219,2,1,"Apartment",795,"Yes"
"2810",2519,210,1,1,"Apartment",738,"No"
"2812",3000,230,2,2,"Condo",699,"Yes"
"2813",2950,230,2,2,"Condo",799,"Yes"
"2815",2450,230,1,1,"Condo",499,"Yes"
"2816",3100,230,2,2,"Condo",899,"Yes"
"2817",2750,230,2,1,"Condo",699,"Yes"
"2818",2800,230,2,1,"Condo",799,"Yes"
"2820",1900,230,1,1,"Condo",500,"No"
"2821",1800,230,1,1,"Basement",500,"Yes"
"2825",2295,230,1,1,"Apartment",530,"Limited"
"2826",2995,230,2,1,"Apartment",750,"No"
"2830",1550,230,0,1,"Apartment",500,"No"
"2831",1800,230,1,1,"Apartment",550,"No"
"2833",795,230,0,1,"Basement",140,"No"
"2834",2100,230,2,1,"Apartment",800,"No"
"2836",2075,230,0,1,"Apartment",354,"Yes"
"2842",2259,230,1,1,"Apartment",636,"Yes"
"2845",2269,230,1,1,"Apartment",466,"Limited"
"2846",2350,230,2,1,"Apartment",985,"Yes"
"2848",1700,230,0,1,"Apartment",900,"Limited"
"2849",2550,230,2,1,"Apartment",821,"Yes"
"2850",2325,230,1,1,"Apartment",573,"Yes"
"2855",2679,230,1,1,"Apartment",748,"Yes"
"2856",2500,241,2,1,"Apartment",1,"Limited"
"2857",3000,230,2,1,"Apartment",673,"Yes"
"2858",1975,230,1,1,"Apartment",850,"Yes"
"2859",2375,230,2,1,"Apartment",985,"Yes"
"2866",1400,230,1,1,"Apartment",600,"No"
"2867",2745,230,2,2,"Apartment",662,"No"
"2869",1580,230,1,1,"Basement",560,"No"
"2871",2050,230,2,1,"Basement",764,"No"
"2872",2100,230,1,1,"Apartment",600,"No"
"2873",2100,230,2,1,"Basement",650,"No"
"2875",1000,230,1,1,"Apartment",639,"No"
"2879",1795,230,2,1,"Apartment",730,"No"
"2880",2900,230,2,2,"Apartment",1000,"Yes"
"2883",3500,230,2,2,"Apartment",970,"Yes"
"2885",2890,230,2,1,"Apartment",1095,"Yes"
"2887",2200,231,2,1,"Apartment",1200,"No"
"2889",2750,231,2,1,"Apartment",800,"Limited"
"2891",2200,231,1,1,"Condo",499,"Yes"
"2892",2350,231,1,1,"Condo",599,"Yes"
"2893",2400,231,1,1,"Condo",550,"Yes"
"2895",2095,231,1,1,"Condo",499,"Yes"
"2898",1805,210,0,1,"Apartment",390,"Limited"
"2903",2799,231,3,1,"Apartment",950,"Limited"
"2904",2100,231,2,1,"Basement",750,"No"
"2908",1800,231,1,2,"Apartment",450,"No"
"2909",2095,231,1,1,"Apartment",489,"No"
"2910",2400,231,1,1,"Apartment",600,"No"
"2913",2100,231,0,1,"Condo",440,"No"
"2918",2350,231,1,1,"Apartment",600,"No"
"2919",2150,231,1,1,"Apartment",434,"Yes"
"2921",2050,231,1,1,"Apartment",383,"Yes"
"2924",950,231,4,1,"House",140,"No"
"2925",1850,231,1,1,"Duplex/Triplex",350,"Limited"
"2927",2100,231,2,1,"Basement",1000,"No"
"2928",1570,231,2,1,"Apartment",552,"Yes"
"2929",1550,231,1,1,"Basement",1200,"No"
"2931",2300,231,2,2,"Apartment",1200,"No"
"2933",2200,231,1,1,"Basement",700,"Yes"
"2934",2150,231,1,1,"Apartment",700,"Limited"
"2937",2195,218,1,1,"Apartment",504,"Yes"
"2938",2925,221,2,1,"Apartment",830,"Yes"
"2939",2678,210,2,1,"Apartment",994,"No"
"2940",2819,221,2,1,"Apartment",904,"Yes"
"2941",2500,241,2,1,"Apartment",1,"Limited"
"2946",1895,231,1,1,"Basement",750,"Yes"
"2947",2099,231,1,1,"Apartment",607,"Yes"
"2948",2825,231,1,1,"Apartment",626,"Yes"
"2953",2349,231,1,1,"Apartment",697,"Limited"
"2954",2647,231,1,1,"Apartment",758,"Yes"
"2955",2504,231,1,1,"Apartment",745,"Yes"
"2956",3145,231,2,2,"Apartment",1049,"Yes"
"2958",2131,231,0,1,"Apartment",454,"Yes"
"2959",2460,231,1,1,"Apartment",498,"Yes"
"2960",1800,231,1,1,"Apartment",1800,"No"
"2962",3200,231,2,2,"Apartment",690,"No"
"2964",3015,232,2,2,"Condo",722,"Yes"
"2965",3600,232,4,3,"Townhouse",1800,"Limited"
"2966",2200,232,2,1,"Apartment",1000,"No"
"2968",2900,232,2,2,"Apartment",950,"Yes"
"2969",1550,232,1,1,"Basement",550,"Limited"
"2970",3000,232,3,2,"Condo",1000,"No"
"2972",3100,232,2,2,"Condo",780,"Limited"
"2973",2450,232,2,1,"Apartment",893,"Yes"
"2976",2550,232,2,1,"Apartment",758,"Yes"
"2977",2995,232,2,1,"Apartment",450,"Yes"
"2979",2145,232,1,1,"Apartment",680,"No"
"2983",2229,210,1,1,"Apartment",640,"Yes"
"2984",2069,210,0,1,"Apartment",411,"Yes"
"2985",3070,220,2,1,"Apartment",861,"Yes"
"2987",3145,231,2,2,"Apartment",1049,"Yes"
"2989",3100,232,1,1,"Apartment",684,"Limited"
"2991",2850,232,2,1,"Apartment",900,"Limited"
"2993",3995,232,2,2,"Apartment",922,"Limited"
"2994",2150,232,2,1,"House",670,"Limited"
"2995",3440,232,1,1,"Apartment",693,"Limited"
"2997",1859,232,0,1,"Apartment",375,"Yes"
"2998",1350,232,0,1,"Apartment",400,"No"
"3006",3350,232,2,1,"Condo",759,"Yes"
"3009",1800,232,2,1,"Basement",680,"Yes"
"3011",1500,232,2,1,"Apartment",760,"No"
"3012",1125,232,0,1,"Apartment",500,"Yes"
"3017",2195,232,1,1,"Apartment",640,"Yes"
"3018",1925,232,2,1,"Apartment",900,"Yes"
"3019",2395,232,3,1,"Apartment",1100,"Yes"
"3021",2150,232,1,1,"Apartment",700,"Yes"
"3024",2800,232,3,1.5,"Apartment",1200,"Yes"
"3025",2450,232,2,1,"Apartment",985,"Yes"
"3027",2250,232,2,1.5,"Apartment",985,"Yes"
"3028",2400,232,2,1,"Apartment",985,"Yes"
"3029",2800,217,3,1,"Basement",1265,"Yes"
"3030",1900,210,1,1,"Basement",750,"No"
"3032",2090,210,0,1,"Apartment",325,"Yes"
"3033",2429,225,1,1,"Apartment",742,"Limited"
"3034",2049,219,1,1,"Apartment",468,"Yes"
"3035",1975,232,1,1,"Apartment",850,"Yes"
"3036",2350,232,2,1,"Apartment",985,"Yes"
"3044",3250,233,2,2,"Apartment",900,"No"
"3045",1850,233,1,1,"Basement",750,"Limited"
"3046",2190,233,1,1,"Apartment",450,"No"
"3048",1400,233,1,1,"Condo",700,"No"
"3049",2395,233,1,1,"Apartment",615,"Limited"
"3053",2000,233,1,1,"Apartment",650,"Limited"
"3055",3150,233,2,1,"Apartment",1300,"Limited"
"3056",1875,233,1,1,"Apartment",1,"No"
"3057",2350,233,1,1,"House",850,"Yes"
"3060",2400,233,1,1.5,"Apartment",330,"Limited"
"3061",1399,233,1,1,"Apartment",300,"No"
"3062",1650,233,2,1,"Basement",900,"No"
"3065",2100,233,1,1.5,"Condo",600,"Yes"
"3067",2500,233,2,1,"Apartment",811,"Yes"
"3068",1600,233,1,1,"Basement",600,"No"
"3070",1800,233,1,1,"Basement",750,"No"
"3075",2069,210,0,1,"Apartment",411,"Yes"
"3076",2400,222,2,1,"Apartment",833,"Yes"
"3081",1950,233,0,1,"Apartment",300,"Limited"
"3086",600,233,0,1,"Apartment",600,"No"
"3088",2250,234,2,1,"Apartment",750,"No"
"3092",2799,234,2,1,"Apartment",900,"No"
"3093",600,234,1,1,"Apartment",56,"No"
"3098",1775,234,1,1,"Apartment",600,"Limited"
"3100",3400,234,2,1,"Condo",820,"No"
"3102",1450,234,2,1,"Apartment",1,"Yes"
"3103",2400,234,2,1,"Apartment",950,"Limited"
"3109",1400,234,0,1,"Basement",450,"No"
"3111",2650,234,2,1,"House",1000,"No"
"3112",2700,234,2,1,"Apartment",700,"Limited"
"3114",2799,234,1,1,"Apartment",666,"Yes"
"3116",2325,234,1,1,"Apartment",660,"Yes"
"3118",2500,235,1,1,"Apartment",650,"Limited"
"3122",2400,222,2,1,"Apartment",833,"Yes"
"3126",2700,235,2,1,"Apartment",1,"Limited"
"3129",2900,235,1,1.5,"Apartment",1000,"No"
"3130",3300,235,2,2,"Apartment",756,"Yes"
"3132",1800,235,1,1,"Basement",600,"No"
"3133",1850,235,2,1,"Basement",1100,"No"
"3134",2400,235,1,1,"Basement",700,"Limited"
"3136",2000,235,1,1,"Townhouse",850,"No"
"3139",3100,235,2,2,"Basement",2100,"No"
"3140",2600,235,2,1,"Townhouse",900,"No"
"3141",1250,235,2,1,"Basement",800,"Yes"
"3144",2300,235,1,1,"Condo",550,"Yes"
"3145",3000,235,3,1,"Apartment",1150,"Limited"
"3147",3300,235,1,1,"Apartment",700,"No"
"3151",2275,235,1,1,"Apartment",720,"Yes"
"3152",1850,235,2,1,"Basement",900,"No"
"3160",1500,235,1,1,"Basement",1000,"No"
"3161",2541,235,1,1,"Apartment",679,"Yes"
"3163",3475,235,2,1,"Apartment",760,"Yes"
"3166",2000,217,0,1,"Apartment",460,"Yes"
"3167",1900,210,1,1,"Basement",750,"No"
"3169",3145,231,2,2,"Apartment",1049,"Yes"
"3170",2699,224,1,1,"Apartment",986,"Yes"
"3171",2647,211,1,1,"Apartment",758,"Yes"
"3175",2059,235,0,1,"Apartment",469,"Yes"
"3176",2862,235,1,1,"Apartment",954,"Yes"
"3188",1650,236,1,1,"Apartment",8000,"Yes"
"3189",2300,236,0,1,"Condo",500,"Yes"
"3193",1300,236,1,1,"Apartment",600,"No"
"3196",2950,236,2,1,"Apartment",1000,"Yes"
"3197",705,236,2,1,"Apartment",900,"No"
"3198",1700,236,0,1,"Apartment",550,"Limited"
"3199",1999,236,1,1,"Apartment",700,"No"
"3201",1850,236,1,1,"House",900,"Limited"
"3202",2000,236,1,1,"Apartment",329,"Yes"
"3203",2350,236,1,1,"Condo",550,"Limited"
"3205",1575,236,0,1,"Apartment",301,"Yes"
"3206",2150,236,1,1,"Apartment",409,"Yes"
"3207",3000,236,2,2,"Condo",670,"Yes"
"3208",1600,236,1,1,"Basement",600,"No"
"3212",1895,210,1,1,"Apartment",470,"Limited"
"3213",3070,220,2,1,"Apartment",861,"Yes"
"3215",2716,211,2,1,"Apartment",857,"No"
"3216",2285,210,1,1,"Apartment",625,"Yes"
"3218",2600,236,1,1,"Condo",485,"Limited"
"3219",2200,236,1,1,"Apartment",200,"No"
"3222",1695,236,1,1,"Basement",600,"No"
"3224",3112,236,2,2,"Apartment",869,"Yes"
"3225",2725,236,1,1,"Apartment",658,"Yes"
"3226",2449,236,1,1,"Apartment",508,"Yes"
"3227",2599,236,1,1,"Apartment",639,"Yes"
"3228",2825,236,2,1,"Apartment",850,"Yes"
"3229",2849,236,2,1,"Apartment",940,"Yes"
"3230",1725,236,0,1,"Apartment",1109,"Yes"
"3233",1900,237,1,1,"Basement",750,"No"
"3234",2300,237,2,1,"Basement",800,"No"
"3236",1450,237,0,1,"Basement",700,"No"
"3239",2659,237,2,1,"Apartment",685,"Limited"
"3241",2950,237,3,2,"Condo",825,"Yes"
"3242",2200,237,1,1,"Apartment",400,"No"
"3243",1550,237,1,1.5,"Apartment",450,"No"
"3244",2450,237,1,1,"Apartment",601,"Yes"
"3245",2850,237,2,1,"Apartment",729,"Limited"
"3247",2700,237,1,1,"Apartment",800,"Yes"
"3250",3500,237,2,1,"Apartment",675,"No"
"3253",2199,237,1,1,"Apartment",602,"Yes"
"3254",2619,237,2,1,"Apartment",794,"Yes"
"3255",2200,237,1,1,"Apartment",672,"Yes"
"3256",1775,237,0,1,"Apartment",335,"Yes"
"3257",2399,237,1,1,"Apartment",637,"Limited"
"3258",2429,225,1,1,"Apartment",742,"Limited"
"3262",2678,210,2,1,"Apartment",994,"No"
"3263",1805,210,0,1,"Apartment",390,"Limited"
"3264",2400,238,2,1,"Apartment",850,"No"
"3265",1600,238,2,1,"Basement",800,"Limited"
"3267",2289,238,1,1,"Apartment",600,"Yes"
"3271",2100,238,2,1,"Apartment",800,"Limited"
"3276",2300,238,2,1,"Basement",750,"No"
"3277",1200,238,1,1,"Basement",1000,"Yes"
"3278",2200,238,1,1,"Apartment",700,"Limited"
"3285",1300,239,0,1,"Apartment",443,"Yes"
"3287",2449,239,1,1,"Apartment",743,"Limited"
"3290",3950,239,3,2,"Apartment",1200,"Limited"
"3291",1700,239,1,1,"Apartment",620,"Limited"
"3292",2850,239,2,1.5,"Apartment",600,"No"
"3293",2070,239,0,1,"Apartment",504,"Yes"
"3294",2400,239,1,1,"Apartment",599,"Yes"
"3298",2350,239,1,1,"Apartment",600,"Yes"
"3300",1400,239,1,1,"Basement",500,"No"
"3301",2050,239,0,1,"Apartment",450,"Yes"
"3303",2459,239,0,1,"Apartment",370,"No"
"3304",3347,211,2,1,"Apartment",900,"Yes"
"3305",1895,210,1,1,"Apartment",470,"Limited"
"3307",2809,219,2,1,"Apartment",795,"Yes"
"3311",1975,239,2,1,"Basement",600,"No"
"3313",1699,239,1,1,"Apartment",550,"Yes"
"3317",3495,239,3,1.5,"Apartment",1286,"Limited"
"3318",2600,239,2,1.5,"Apartment",972,"Limited"
"3319",3495,239,3,1.5,"Apartment",1270,"Limited"
"3320",2729,239,2,1,"Apartment",755,"Yes"
"3321",2150,239,1,1,"Apartment",544,"Yes"
"3322",2150,239,1,1,"Apartment",631,"Yes"
"3323",2000,239,1,1,"Apartment",438,"Yes"
"3324",2959,239,2,1,"Apartment",903,"Yes"
"3325",1969,239,0,1,"Apartment",389,"Yes"
"3326",2299,239,1,1,"Apartment",621,"Yes"
"3327",2650,239,2,1,"Basement",600,"No"
"3334",2900,240,2,1.5,"Apartment",1000,"Yes"
"3335",1750,240,1,1,"Basement",1,"No"
"3337",2900,240,3,1,"Apartment",900,"No"
"3340",2500,240,2,1,"Apartment",900,"No"
"3342",1895,240,2,1,"Basement",800,"No"
"3345",1875,240,0,1,"Apartment",446,"Limited"
"3346",3000,240,3,3,"Basement",1100,"Limited"
"3347",2950,240,2,2,"Condo",702,"Limited"
"3348",1900,210,1,1,"Basement",750,"No"
"3349",2699,224,2,1,"Apartment",986,"Yes"
"3350",2429,225,1,1,"Apartment",742,"Limited"
"3351",2300,218,1,1,"Apartment",680,"Yes"
"3353",2395,211,1,1,"Apartment",439,"Yes"
"3359",3600,240,0,1,"Apartment",1800,"Limited"
"3360",1650,240,1,1,"Basement",500,"No"
"3362",2280,240,2,1,"House",800,"No"
"3366",2400,240,1,1,"Apartment",600,"Limited"
"3367",2300,240,1,1,"Condo",525,"No"
"3369",2204,240,0,1,"Apartment",30,"No"
"3370",2495,240,2,1,"Apartment",1000,"Limited"
"3379",1200,241,3,2,"Apartment",1195,"Yes"
"3381",2005,241,1,1,"Apartment",538,"Yes"
"3382",2745,241,2,1,"Apartment",1000,"Yes"
"3383",3000,241,2,1,"Apartment",1200,"Limited"
"3386",2495,241,2,1,"Apartment",1000,"Limited"
"3388",2500,241,2,1,"Basement",1000,"No"
"3389",2500,241,2,1,"Apartment",1,"Limited"
"3391",2470,241,1,1,"Apartment",750,"Yes"
"3392",1680,241,1,1,"Apartment",400,"No"
"3393",1975,241,2,1,"Basement",900,"No"
"3398",2819,221,2,1,"Apartment",904,"Yes"
"3399",2519,210,1,1,"Apartment",738,"No"
"3415",2400,241,0,1,"Apartment",500,"No"
"3440",2519,218,1,1,"Apartment",665,"Limited"
"3442",2069,210,0,1,"Apartment",411,"Yes"
"3487",3209,229,2,1,"Apartment",912,"Yes"
"3489",2519,218,1,1,"Apartment",665,"Limited"
"3491",2809,219,2,1,"Apartment",795,"Yes"
"3532",2285,210,1,1,"Apartment",625,"Yes"
"3533",2679,230,1,1,"Apartment",748,"Yes"
"3535",1805,210,0,1,"Apartment",390,"Limited"
"3578",3475,235,2,1,"Apartment",760,"Yes"
"3582",2716,211,2,1,"Apartment",857,"No"
"3583",2819,228,1,1,"Apartment",689,"Yes"
"3627",2500,241,2,1,"Apartment",1,"Limited"
"3670",1805,210,0,1,"Apartment",390,"Limited"
"3671",2000,217,0,1,"Apartment",460,"Yes"
"3673",2300,218,1,1,"Apartment",680,"Yes"
"3674",2429,225,1,1,"Apartment",742,"Limited"
"3716",1999,211,0,1,"Apartment",500,"No"
"3717",2699,224,2,1,"Apartment",986,"Yes"
"3721",1895,210,1,1,"Apartment",470,"Limited"
"3762",2287,211,1,1,"Apartment",555,"Yes"
"3764",2819,228,1,1,"Apartment",689,"Yes"
"3766",1895,210,1,1,"Apartment",470,"Limited"
"3767",3070,220,2,1,"Apartment",861,"Yes"
"3812",1805,210,0,1,"Apartment",390,"Limited"
"3813",2049,219,1,1,"Apartment",468,"Yes"
"3855",2699,224,2,1,"Apartment",986,"Yes"
"3857",2295,210,1,1,"Apartment",680,"Yes"
"3858",3070,220,2,1,"Apartment",861,"Yes"
"3859",2195,218,1,1,"Apartment",504,"Yes"
"3900",3475,235,2,1,"Apartment",760,"Yes"
"3901",2299,219,1,1,"Apartment",490,"Yes"
"3902",2699,224,2,1,"Apartment",986,"Yes"
"3946",2819,221,2,1,"Apartment",904,"Yes"
"3949",2229,210,1,1,"Apartment",640,"Yes"
"3950",2819,228,1,1,"Apartment",689,"Yes"
"3951",3347,211,2,1,"Apartment",900,"Yes"
"3992",2600,212,2,1,"Apartment",700,"No"
"3993",2287,211,1,1,"Apartment",555,"Yes"
"3995",2716,211,2,1,"Apartment",857,"No"
"3996",1895,210,1,1,"Apartment",470,"Limited"
"4039",3475,235,2,1,"Apartment",760,"Yes"
"4040",2000,210,0,1,"Apartment",445,"Yes"
"4085",2519,218,1,1,"Apartment",665,"Limited"
"4086",2975,213,2,1,"Apartment",850,"Yes"
"4087",2069,210,0,1,"Apartment",411,"Yes"
"4088",3347,211,2,1,"Apartment",900,"Yes"
"4089",1995,210,0,1,"Apartment",520,"Limited"
